fee_id,am,am_f,am_m,bc,bc_n,bc_g,na,na_f,na_m,jc,jc_g,jc_m,jc_o,jc_s,kw,kw_j,kw_m,kw_u,ma,ma_n,ma_f,ma_g,ma_m,ma_i,ma_p,ma_s,ow,sa,un,un_n,un_m,up,ur,vs,vs_n,vs_f,vs_g,vs_m,vs_p,vs_s,card_code
1,-1,-1,-1,-1,-1,-1,2000,-1,-1,-1,-1,-1,-1,-1,-1,-1,-1,-1,-1,-1,-1,-1,-1,-1,-1,-1,-1,-1,-1,-1,-1,-1,-1,5000,-1,-1,-1,-1,-1,-1,16
2,-1,-1,-1,-1,-1,-1,4000,-1,-1,-1,-1,-1,-1,-1,-1,-1,-1,-1,-1,-1,-1,-1,-1,-1,-1,-1,-1,-1,-1,-1,-1,-1,-1,5000,-1,-1,-1,-1,-1,-1,20
3,-1,-1,-1,-1,-1,-1,8000,-1,-1,-1,-1,-1,-1,-1,-1,-1,-1,-1,-1,-1,-1,-1,-1,-1,-1,-1,-1,-1,-1,-1,-1,-1,-1,10000,-1,-1,-1,-1,-1,-1,31
4,-1,-1,-1,2000,-1,-1,-1,-1,-1,-1,-1,-1,-1,-1,-1,-1,-1,-1,4000,-1,-1,-1,-1,-1,-1,-1,-1,-1,-1,-1,-1,-1,-1,4000,-1,-1,-1,-1,-1,-1,236
5,-1,-1,-1,-1,-1,-1,-1,-1,-1,-1,-1,-1,-1,-1,-1,-1,-1,-1,7000,-1,-1,-1,-1,-1,-1,-1,-1,-1,5000,-1,-1,-1,-1,-1,-1,-1,-1,-1,-1,-1,287
6,-1,-1,-1,-1,-1,-1,-1,-1,-1,-1,-1,-1,-1,-1,-1,-1,-1,-1,10000,-1,-1,-1,-1,-1,-1,-1,-1,-1,5000,-1,-1,-1,-1,-1,-1,-1,-1,-1,-1,-1,289
7,-1,-1,-1,-1,-1,-1,-1,-1,-1,-1,-1,-1,-1,-1,-1,-1,-1,-1,15000,-1,-1,-1,-1,-1,-1,-1,-1,-1,10000,-1,-1,-1,-1,-1,-1,-1,-1,-1,-1,-1,291
8,-1,-1,-1,-1,-1,-1,-1,-1,-1,-1,-1,-1,-1,-1,-1,-1,-1,-1,7000,-1,-1,-1,-1,-1,-1,-1,-1,-1,5000,-1,-1,-1,-1,-1,-1,-1,-1,-1,-1,-1,297
9,-1,-1,-1,-1,-1,-1,5000,-1,1000,10000,-1,6000,-1,-1,-1,-1,-1,-1,10000,-1,-1,-1,6000,-1,-1,-1,-1,-1,-1,-1,-1,-1,-1,10000,-1,-1,-1,6000,-1,-1,339
10,-1,-1,-1,-1,-1,-1,-1,-1,-1,-1,20000,-1,-1,15000,-1,-1,-1,-1,-1,-1,-1,20000,-1,-1,-1,15000,-1,-1,-1,-1,-1,-1,-1,-1,-1,-1,20000,-1,-1,15000,350
11,-1,-1,-1,-1,-1,-1,0,-1,-1,-1,-1,-1,-1,-1,-1,-1,-1,-1,0,-1,-1,-1,-1,-1,-1,-1,-1,-1,-1,-1,-1,-1,-1,0,-1,-1,-1,-1,-1,-1,353
12,-1,-1,-1,-1,-1,-1,0,-1,-1,-1,-1,-1,-1,-1,-1,-1,-1,-1,-1,-1,-1,-1,-1,-1,-1,-1,-1,-1,-1,-1,-1,-1,-1,0,-1,-1,-1,-1,-1,-1,354
13,-1,-1,-1,-1,-1,-1,0,-1,-1,-1,-1,-1,-1,-1,-1,-1,-1,-1,0,-1,-1,-1,-1,-1,-1,-1,-1,-1,-1,-1,-1,-1,-1,0,-1,-1,-1,-1,-1,-1,355
14,-1,-1,-1,-1,-1,-1,0,-1,-1,-1,-1,-1,-1,-1,-1,-1,-1,-1,0,-1,-1,-1,-1,-1,-1,-1,-1,-1,0,-1,-1,-1,-1,0,-1,-1,-1,-1,-1,-1,368
15,-1,-1,-1,-1,-1,-1,0,-1,-1,-1,-1,-1,-1,-1,-1,-1,-1,-1,0,-1,-1,-1,-1,-1,-1,-1,-1,-1,-1,-1,-1,-1,-1,0,-1,-1,-1,-1,-1,-1,375
16,-1,-1,-1,-1,-1,-1,0,-1,-1,-1,-1,-1,-1,-1,-1,-1,-1,-1,0,-1,-1,-1,-1,-1,-1,-1,-1,-1,-1,-1,-1,-1,-1,0,-1,-1,-1,-1,-1,-1,379
17,-1,-1,-1,-1,-1,-1,0,-1,-1,-1,-1,-1,-1,-1,-1,-1,-1,-1,0,-1,-1,-1,-1,-1,-1,-1,-1,-1,-1,-1,-1,-1,-1,0,-1,-1,-1,-1,-1,-1,380
18,-1,-1,-1,-1,-1,-1,0,-1,-1,-1,-1,-1,-1,-1,-1,-1,-1,-1,0,-1,-1,-1,-1,-1,-1,-1,-1,-1,-1,-1,-1,-1,-1,0,-1,-1,-1,-1,-1,-1,381
19,-1,-1,-1,-1,-1,-1,5000,-1,-1,-1,-1,-1,-1,-1,-1,-1,-1,-1,10000,-1,-1,-1,-1,-1,-1,-1,-1,-1,-1,-1,-1,-1,-1,10000,-1,-1,-1,-1,-1,-1,416
20,10000,-1,6000,-1,-1,-1,5000,-1,1000,10000,-1,6000,-1,-1,-1,-1,-1,-1,10000,-1,-1,-1,6000,-1,-1,-1,-1,-1,-1,-1,-1,-1,-1,10000,-1,-1,-1,6000,-1,-1,418
21,-1,-1,-1,-1,-1,-1,-1,-1,-1,5000,-1,-1,-1,-1,-1,-1,-1,-1,5000,-1,-1,-1,-1,-1,-1,-1,-1,-1,-1,-1,-1,-1,-1,5000,-1,-1,-1,-1,-1,-1,419
22,-1,-1,-1,-1,-1,-1,-1,-1,-1,-1,-1,-1,-1,-1,8000,-1,-1,-1,13000,-1,-1,-1,-1,-1,-1,-1,-1,-1,-1,-1,-1,-1,-1,-1,-1,-1,-1,-1,-1,-1,435
23,-1,-1,-1,-1,-1,-1,-1,-1,-1,-1,-1,-1,-1,-1,8000,-1,-1,-1,13000,-1,-1,-1,-1,-1,-1,-1,-1,-1,-1,-1,-1,-1,-1,-1,-1,-1,-1,-1,-1,-1,436
24,-1,-1,-1,-1,-1,-1,0,-1,-1,-1,-1,-1,-1,-1,-1,-1,-1,-1,0,-1,-1,-1,-1,-1,-1,-1,-1,-1,-1,-1,-1,-1,-1,-1,-1,-1,-1,-1,-1,-1,439
25,12000,-1,-1,-1,-1,-1,7000,-1,-1,-1,-1,-1,-1,-1,-1,-1,-1,-1,12000,-1,-1,-1,-1,-1,-1,-1,-1,-1,-1,-1,-1,-1,-1,-1,-1,-1,-1,-1,-1,-1,440
26,10000,-1,6000,-1,-1,-1,5000,-1,1000,10000,-1,6000,-1,-1,-1,-1,-1,-1,10000,-1,-1,-1,6000,-1,-1,-1,-1,-1,10000,-1,6000,-1,-1,10000,-1,-1,-1,6000,-1,-1,472
27,20000,-1,14000,-1,-1,-1,-1,-1,-1,-1,-1,-1,-1,-1,15000,-1,9000,-1,20000,-1,-1,-1,14000,-1,-1,-1,-1,-1,-1,-1,-1,-1,-1,20000,-1,-1,-1,14000,-1,-1,476
28,10000,-1,6000,-1,-1,-1,5000,-1,1000,10000,-1,6000,-1,-1,-1,-1,-1,-1,10000,-1,-1,-1,6000,-1,-1,-1,-1,-1,10000,-1,6000,-1,-1,10000,-1,-1,-1,6000,-1,-1,491
29,-1,-1,-1,-1,-1,-1,15000,-1,-1,-1,-1,-1,-1,-1,-1,-1,-1,-1,20000,-1,-1,-1,-1,-1,-1,-1,-1,-1,-1,-1,-1,-1,-1,-1,-1,-1,-1,-1,-1,-1,505
30,-1,-1,-1,-1,-1,-1,15000,-1,-1,-1,-1,-1,-1,-1,-1,-1,-1,-1,20000,-1,-1,-1,-1,-1,-1,-1,-1,-1,-1,-1,-1,-1,-1,-1,-1,-1,-1,-1,-1,-1,506
31,-1,-1,-1,-1,-1,-1,0,-1,-1,-1,-1,-1,-1,-1,-1,-1,-1,-1,0,-1,-1,-1,-1,-1,-1,-1,-1,-1,-1,-1,-1,-1,-1,-1,-1,-1,-1,-1,-1,-1,507
32,-1,-1,-1,-1,-1,-1,0,-1,-1,-1,-1,-1,-1,-1,-1,-1,-1,-1,0,-1,-1,-1,-1,-1,-1,-1,-1,-1,-1,-1,-1,-1,-1,-1,-1,-1,-1,-1,-1,-1,509
33,-1,-1,-1,-1,-1,-1,-1,-1,-1,15000,-1,-1,-1,-1,-1,-1,-1,-1,15000,-1,-1,-1,-1,-1,-1,-1,-1,-1,-1,-1,-1,-1,-1,15000,-1,-1,-1,-1,-1,-1,1210
34,12000,-1,-1,-1,-1,-1,-1,-1,-1,-1,-1,-1,-1,-1,-1,-1,-1,-1,-1,-1,-1,-1,-1,-1,-1,-1,-1,-1,-1,-1,-1,-1,-1,-1,-1,-1,-1,-1,-1,-1,1239
35,-1,-1,-1,-1,-1,-1,-1,-1,-1,-1,-1,-1,-1,-1,-1,-1,-1,-1,22000,-1,-1,-1,-1,-1,-1,-1,-1,-1,-1,-1,-1,-1,-1,22000,-1,-1,-1,-1,-1,-1,1245
36,49000,-1,-1,-1,-1,-1,-1,-1,-1,-1,-1,-1,-1,-1,-1,-1,-1,-1,-1,-1,-1,-1,-1,-1,-1,-1,-1,-1,-1,-1,-1,-1,-1,-1,-1,-1,-1,-1,-1,-1,1279
37,-1,-1,-1,-1,-1,-1,8000,-1,-1,-1,-1,-1,-1,-1,-1,-1,-1,-1,-1,-1,-1,-1,-1,-1,-1,-1,-1,-1,-1,-1,-1,-1,-1,10000,-1,-1,-1,-1,-1,-1,1344
38,10000,-1,-1,-1,-1,-1,5000,-1,-1,-1,-1,-1,-1,-1,-1,-1,-1,-1,-1,-1,-1,-1,-1,-1,-1,-1,-1,-1,5000,-1,-1,-1,-1,-1,-1,-1,-1,-1,-1,-1,1360
39,-1,-1,-1,-1,-1,-1,18000,-1,-1,-1,-1,-1,-1,-1,-1,-1,-1,-1,20000,-1,-1,-1,-1,-1,-1,-1,-1,-1,-1,-1,-1,-1,-1,-1,-1,-1,-1,-1,-1,-1,1375
40,-1,-1,-1,-1,-1,-1,18000,-1,-1,-1,-1,-1,-1,-1,-1,-1,-1,-1,20000,-1,-1,-1,-1,-1,-1,-1,-1,-1,-1,-1,-1,-1,-1,-1,-1,-1,-1,-1,-1,-1,1376
41,-1,-1,-1,-1,-1,-1,12000,-1,-1,-1,-1,-1,-1,-1,-1,-1,-1,-1,-1,-1,-1,-1,-1,-1,-1,-1,-1,-1,-1,-1,-1,-1,-1,15000,-1,-1,-1,-1,-1,-1,1392
42,-1,-1,-1,-1,-1,-1,-1,-1,-1,-1,-1,-1,-1,-1,-1,-1,-1,-1,-1,-1,-1,-1,-1,-1,-1,-1,-1,-1,-1,-1,-1,-1,5000,-1,-1,-1,12000,-1,-1,7000,1495
43,-1,-1,-1,-1,-1,-1,-1,-1,-1,10000,-1,-1,-1,-1,-1,-1,-1,-1,10000,-1,-1,-1,-1,-1,15000,-1,-1,-1,-1,-1,-1,8000,8000,10000,-1,-1,-1,-1,15000,-1,1572
44,-1,-1,-1,-1,-1,-1,-1,-1,-1,10000,-1,-1,-1,-1,-1,-1,-1,-1,10000,-1,-1,-1,-1,-1,15000,-1,-1,-1,-1,-1,-1,8000,8000,10000,-1,-1,-1,-1,15000,-1,1573
45,-1,-1,-1,-1,-1,-1,-1,-1,-1,-1,-1,-1,-1,-1,-1,-1,-1,-1,-1,-1,-1,-1,-1,-1,-1,-1,-1,-1,27000,-1,-1,-1,27000,30000,-1,-1,-1,-1,-1,-1,1872
46,-1,-1,-1,-1,-1,-1,0,-1,-1,-1,-1,-1,-1,-1,-1,-1,-1,-1,-1,-1,-1,-1,-1,-1,-1,-1,-1,-1,-1,-1,-1,-1,-1,0,-1,-1,-1,-1,-1,-1,1892
47,-1,-1,-1,-1,-1,-1,-1,-1,-1,-1,-1,-1,-1,-1,-1,-1,-1,-1,-1,-1,-1,-1,-1,-1,-1,-1,-1,10000,10000,-1,-1,-1,-1,13000,-1,-1,-1,-1,-1,-1,1897
48,-1,-1,-1,-1,-1,-1,-1,-1,-1,-1,-1,-1,-1,-1,-1,-1,-1,-1,-1,-1,-1,-1,-1,-1,-1,-1,-1,-1,-1,-1,-1,-1,-1,100000,-1,-1,-1,-1,-1,-1,1970
49,-1,-1,-1,-1,-1,-1,5000,-1,-1,-1,-1,-1,-1,-1,-1,-1,-1,-1,10000,-1,-1,-1,-1,-1,-1,-1,-1,-1,5000,-1,-1,-1,-1,10000,-1,-1,-1,-1,-1,-1,2027
50,-1,-1,-1,-1,-1,-1,20000,-1,14000,-1,-1,-1,-1,-1,-1,-1,-1,-1,25000,-1,-1,-1,19000,-1,-1,-1,-1,-1,-1,-1,-1,-1,-1,-1,-1,-1,-1,-1,-1,-1,2243
51,-1,-1,-1,-1,-1,-1,20000,-1,14000,-1,-1,-1,-1,-1,-1,-1,-1,-1,25000,-1,-1,-1,19000,-1,-1,-1,-1,-1,-1,-1,-1,-1,-1,-1,-1,-1,-1,-1,-1,-1,2244
52,-1,-1,-1,-1,-1,-1,0,-1,-1,-1,-1,-1,-1,-1,-1,-1,-1,-1,0,-1,-1,-1,-1,-1,-1,-1,-1,-1,-1,-1,-1,-1,-1,-1,-1,-1,-1,-1,-1,-1,2251
53,-1,-1,-1,-1,-1,-1,-1,-1,-1,-1,-1,-1,-1,-1,-1,-1,-1,-1,-1,-1,-1,-1,-1,-1,-1,-1,-1,-1,2000,-1,-1,-1,-1,5000,-1,-1,-1,-1,-1,-1,2264
54,-1,-1,-1,-1,-1,-1,10000,-1,-1,-1,-1,-1,-1,-1,-1,-1,-1,-1,12000,-1,-1,-1,-1,-1,-1,-1,-1,-1,-1,-1,-1,-1,-1,-1,-1,-1,-1,-1,-1,-1,2307
55,-1,-1,-1,0,-1,-1,-1,-1,-1,-1,-1,-1,-1,-1,-1,-1,-1,-1,-1,-1,-1,-1,-1,-1,-1,-1,-1,-1,-1,-1,-1,-1,-1,-1,-1,-1,-1,-1,-1,-1,2320
56,-1,-1,-1,0,-1,-1,-1,-1,-1,-1,-1,-1,-1,-1,-1,-1,-1,-1,-1,-1,-1,-1,-1,-1,-1,-1,-1,-1,-1,-1,-1,-1,-1,-1,-1,-1,-1,-1,-1,-1,2321
57,-1,-1,-1,0,-1,-1,-1,-1,-1,-1,-1,-1,-1,-1,-1,-1,-1,-1,-1,-1,-1,-1,-1,-1,-1,-1,-1,-1,-1,-1,-1,-1,-1,-1,-1,-1,-1,-1,-1,-1,2322
58,-1,-1,-1,-1,-1,-1,-1,-1,-1,-1,-1,-1,-1,-1,-1,-1,-1,-1,0,-1,-1,-1,-1,-1,-1,-1,-1,-1,0,-1,-1,-1,-1,-1,-1,-1,-1,-1,-1,-1,2324
59,-1,-1,-1,-1,-1,-1,0,-1,-1,-1,-1,-1,-1,-1,-1,-1,-1,-1,0,-1,-1,-1,-1,-1,-1,-1,-1,-1,-1,-1,-1,-1,-1,-1,-1,-1,-1,-1,-1,-1,2326
60,-1,-1,-1,-1,-1,-1,10000,-1,-1,-1,-1,-1,-1,-1,-1,-1,-1,-1,12000,-1,-1,-1,-1,-1,-1,-1,-1,-1,-1,-1,-1,-1,-1,-1,-1,-1,-1,-1,-1,-1,2359
61,125000,-1,-1,-1,-1,-1,-1,-1,-1,-1,-1,-1,-1,-1,-1,-1,-1,-1,-1,-1,-1,-1,-1,-1,-1,-1,-1,-1,-1,-1,-1,-1,120000,-1,-1,-1,-1,-1,-1,-1,2368
62,-1,-1,-1,-1,-1,-1,-1,-1,-1,-1,-1,-1,-1,-1,-1,-1,-1,-1,-1,-1,-1,-1,-1,-1,-1,-1,-1,-1,50000,-1,-1,-1,-1,-1,-1,-1,-1,-1,-1,-1,2372
63,-1,-1,-1,-1,-1,-1,-1,-1,-1,-1,-1,-1,-1,-1,-1,-1,-1,-1,-1,-1,-1,-1,-1,-1,-1,-1,-1,15000,-1,-1,-1,-1,-1,18000,-1,-1,-1,-1,-1,-1,2396
64,-1,-1,-1,-1,-1,-1,-1,-1,-1,-1,-1,-1,-1,-1,-1,-1,-1,-1,0,-1,-1,-1,-1,-1,-1,-1,-1,-1,0,-1,-1,-1,-1,-1,-1,-1,-1,-1,-1,-1,2478
65,-1,-1,-1,-1,0,-1,-1,-1,-1,-1,-1,-1,-1,-1,-1,-1,-1,-1,-1,-1,-1,-1,-1,-1,-1,-1,-1,-1,-1,-1,-1,-1,-1,-1,-1,-1,-1,-1,-1,-1,2480
66,-1,-1,-1,-1,-1,-1,-1,-1,-1,-1,-1,-1,-1,-1,15000,-1,9000,-1,20000,-1,-1,-1,14000,-1,-1,-1,-1,-1,-1,-1,-1,-1,-1,20000,-1,-1,-1,14000,-1,-1,2502
67,-1,-1,-1,-1,-1,-1,-1,-1,-1,-1,-1,-1,-1,-1,-1,-1,-1,-1,-1,-1,-1,-1,-1,-1,-1,-1,-1,-1,50000,-1,-1,-1,-1,-1,-1,-1,-1,-1,-1,-1,2564
68,-1,-1,-1,-1,-1,-1,-1,-1,-1,-1,-1,-1,-1,-1,-1,-1,-1,-1,-1,-1,-1,-1,-1,-1,-1,-1,-1,10000,-1,-1,-1,-1,-1,13000,-1,-1,-1,-1,-1,-1,2565
69,-1,-1,-1,-1,-1,-1,-1,-1,-1,-1,-1,-1,-1,-1,-1,-1,-1,-1,-1,-1,-1,-1,-1,-1,-1,-1,-1,-1,15000,-1,-1,-1,-1,18000,-1,-1,-1,-1,-1,-1,2583
70,-1,-1,-1,-1,-1,-1,0,-1,-1,-1,-1,-1,-1,-1,-1,-1,-1,-1,-1,-1,-1,-1,-1,-1,-1,-1,-1,-1,-1,-1,-1,-1,-1,-1,-1,-1,-1,-1,-1,-1,2633
71,-1,-1,-1,-1,-1,95000,-1,-1,-1,-1,-1,-1,-1,-1,-1,-1,-1,-1,100000,-1,-1,-1,-1,-1,-1,-1,-1,-1,-1,-1,-1,-1,-1,-1,-1,-1,-1,-1,-1,-1,2653
72,49000,-1,-1,-1,-1,-1,47000,-1,-1,-1,-1,-1,-1,-1,-1,-1,-1,-1,-1,-1,-1,-1,-1,-1,-1,-1,-1,-1,-1,-1,-1,-1,-1,-1,-1,-1,-1,-1,-1,-1,2804
73,-1,-1,-1,-1,-1,-1,0,-1,-1,-1,-1,-1,-1,-1,-1,-1,-1,-1,-1,-1,-1,-1,-1,-1,-1,-1,-1,-1,-1,-1,-1,-1,-1,-1,-1,-1,-1,-1,-1,-1,2914
74,-1,-1,-1,-1,-1,-1,10000,-1,-1,-1,-1,-1,-1,-1,-1,-1,-1,-1,10000,-1,-1,-1,-1,-1,-1,-1,-1,-1,-1,-1,-1,-1,-1,-1,-1,-1,-1,-1,-1,-1,2927
75,-1,-1,-1,-1,-1,-1,10000,-1,-1,-1,-1,-1,-1,-1,-1,-1,-1,-1,10000,-1,-1,-1,-1,-1,-1,-1,-1,-1,-1,-1,-1,-1,-1,-1,-1,-1,-1,-1,-1,-1,2928
76,-1,-1,-1,-1,-1,-1,100000,-1,-1,-1,-1,-1,-1,-1,-1,-1,-1,-1,110000,-1,-1,-1,-1,-1,-1,-1,-1,-1,-1,-1,-1,-1,-1,-1,-1,-1,-1,-1,-1,-1,2979
77,-1,-1,-1,-1,-1,-1,100000,-1,-1,-1,-1,-1,-1,-1,-1,-1,-1,-1,110000,-1,-1,-1,-1,-1,-1,-1,-1,-1,-1,-1,-1,-1,-1,-1,-1,-1,-1,-1,-1,-1,2981
78,-1,-1,-1,-1,-1,-1,-1,-1,-1,-1,-1,-1,-1,-1,-1,-1,-1,-1,-1,-1,-1,-1,-1,-1,-1,-1,-1,-1,32000,-1,-1,-1,-1,35000,-1,-1,-1,-1,-1,-1,2992
79,-1,-1,-1,-1,-1,-1,15000,-1,-1,-1,-1,-1,-1,-1,-1,-1,-1,-1,-1,-1,-1,-1,-1,-1,-1,-1,-1,-1,-1,-1,-1,-1,-1,18000,-1,-1,-1,-1,-1,-1,3046
80,-1,-1,-1,5000,-1,-1,-1,-1,-1,-1,-1,-1,-1,-1,-1,-1,-1,-1,-1,-1,-1,-1,-1,-1,-1,-1,-1,-1,-1,-1,-1,-1,-1,7000,-1,-1,-1,-1,-1,-1,3065
81,-1,-1,-1,-1,-1,-1,10000,-1,-1,-1,-1,-1,-1,-1,-1,-1,-1,-1,10000,-1,-1,-1,-1,-1,-1,-1,-1,-1,-1,-1,-1,-1,-1,-1,-1,-1,-1,-1,-1,-1,3103
82,-1,-1,-1,-1,-1,-1,2000,-1,-1,-1,-1,-1,-1,-1,-1,-1,-1,-1,-1,-1,-1,-1,-1,-1,-1,-1,-1,-1,-1,-1,-1,-1,-1,-1,-1,-1,-1,-1,-1,-1,3144
83,-1,-1,-1,-1,-1,-1,-1,-1,-1,-1,-1,-1,-1,-1,-1,-1,-1,-1,0,-1,-1,-1,-1,-1,-1,-1,-1,-1,0,-1,-1,-1,-1,-1,-1,-1,-1,-1,-1,-1,3171
84,-1,-1,-1,-1,-1,-1,-1,-1,-1,-1,-1,-1,-1,-1,15000,-1,-1,-1,20000,-1,-1,-1,-1,-1,-1,-1,-1,-1,-1,-1,-1,-1,-1,-1,-1,-1,-1,-1,-1,-1,3204
85,-1,-1,-1,-1,-1,-1,-1,-1,-1,-1,-1,-1,-1,-1,12000,-1,6000,-1,15000,-1,-1,-1,9000,-1,-1,-1,-1,-1,-1,-1,-1,-1,-1,-1,-1,-1,-1,-1,-1,-1,3251
86,-1,-1,-1,-1,-1,-1,0,-1,-1,-1,-1,-1,-1,-1,-1,-1,-1,-1,-1,-1,-1,-1,-1,-1,-1,-1,-1,-1,-1,-1,-1,-1,-1,-1,-1,-1,-1,-1,-1,-1,3286
87,235000,-1,-1,-1,-1,-1,-1,-1,-1,-1,-1,-1,-1,-1,-1,-1,-1,-1,-1,-1,-1,-1,-1,-1,-1,-1,-1,-1,230000,-1,-1,-1,-1,-1,-1,-1,-1,-1,-1,-1,3294
88,235000,-1,-1,-1,-1,-1,-1,-1,-1,-1,-1,-1,-1,-1,-1,-1,-1,-1,-1,-1,-1,-1,-1,-1,-1,-1,-1,-1,230000,-1,-1,-1,-1,-1,-1,-1,-1,-1,-1,-1,3295
89,235000,-1,-1,-1,-1,-1,-1,-1,-1,-1,-1,-1,-1,-1,-1,-1,-1,-1,-1,-1,-1,-1,-1,-1,-1,-1,-1,-1,230000,-1,-1,-1,-1,-1,-1,-1,-1,-1,-1,-1,3296
90,-1,-1,-1,-1,-1,-1,-1,-1,-1,-1,-1,-1,-1,-1,-1,-1,-1,-1,0,-1,-1,-1,-1,-1,-1,-1,-1,-1,-1,-1,-1,-1,-1,-1,-1,-1,-1,-1,-1,-1,3329
91,-1,-1,-1,-1,-1,-1,10000,-1,-1,-1,-1,-1,-1,-1,-1,-1,-1,-1,12000,-1,-1,-1,-1,-1,-1,-1,-1,-1,-1,-1,-1,-1,-1,-1,-1,-1,-1,-1,-1,-1,3340
92,-1,-1,-1,-1,-1,-1,-1,-1,-1,-1,-1,-1,-1,-1,10000,-1,4000,-1,12000,-1,-1,-1,6000,-1,-1,-1,-1,-1,-1,-1,-1,-1,-1,-1,-1,-1,-1,-1,-1,-1,3350
93,-1,-1,-1,-1,-1,-1,-1,-1,-1,-1,-1,-1,-1,-1,-1,-1,-1,-1,0,-1,-1,-1,-1,-1,-1,-1,-1,-1,-1,-1,-1,-1,-1,-1,-1,-1,-1,-1,-1,-1,3351
94,-1,-1,-1,-1,-1,-1,-1,-1,-1,-1,-1,-1,-1,-1,-1,-1,-1,-1,23000,-1,-1,-1,-1,-1,-1,-1,-1,20000,-1,-1,-1,-1,-1,-1,-1,-1,-1,-1,-1,-1,3374
95,-1,-1,-1,-1,-1,-1,-1,-1,-1,-1,-1,-1,-1,-1,-1,-1,-1,-1,-1,-1,-1,-1,-1,-1,-1,-1,-1,-1,10000,-1,-1,-1,-1,12000,-1,-1,-1,-1,-1,-1,3375
96,-1,-1,-1,-1,-1,-1,-1,-1,-1,-1,-1,-1,-1,-1,-1,-1,-1,-1,-1,-1,-1,-1,-1,-1,-1,-1,-1,-1,10000,-1,-1,-1,-1,12000,-1,-1,-1,-1,-1,-1,3377
97,-1,-1,-1,-1,-1,-1,-1,-1,-1,-1,-1,-1,-1,-1,15000,-1,9000,-1,17000,-1,-1,-1,11000,-1,-1,-1,-1,-1,-1,-1,-1,-1,-1,-1,-1,-1,-1,-1,-1,-1,3378
98,-1,-1,-1,-1,-1,-1,10000,-1,-1,-1,-1,-1,-1,-1,-1,-1,-1,-1,10000,-1,-1,-1,-1,-1,-1,-1,-1,-1,-1,-1,-1,-1,-1,-1,-1,-1,-1,-1,-1,-1,3380
99,-1,-1,-1,-1,10000,-1,-1,-1,-1,-1,-1,-1,-1,-1,-1,-1,-1,-1,12000,-1,-1,-1,-1,-1,-1,-1,-1,-1,-1,-1,-1,-1,-1,12000,-1,-1,-1,-1,-1,-1,3381
100,-1,-1,-1,-1,-1,-1,-1,-1,-1,-1,-1,-1,-1,-1,-1,-1,-1,-1,12000,-1,-1,-1,-1,-1,-1,-1,-1,-1,-1,-1,-1,-1,-1,-1,-1,-1,-1,-1,-1,-1,3382
101,-1,-1,-1,-1,-1,-1,-1,-1,-1,-1,-1,-1,-1,-1,-1,-1,-1,-1,0,-1,-1,-1,-1,-1,-1,-1,-1,-1,-1,-1,-1,-1,-1,-1,-1,-1,-1,-1,-1,-1,3383
102,-1,-1,-1,-1,-1,-1,-1,-1,-1,-1,-1,-1,-1,-1,-1,-1,-1,-1,0,-1,-1,-1,-1,-1,-1,-1,-1,-1,0,-1,-1,-1,-1,-1,-1,-1,-1,-1,-1,-1,3414
103,-1,-1,-1,-1,-1,-1,-1,-1,-1,-1,-1,-1,-1,-1,-1,-1,-1,-1,15000,-1,-1,-1,-1,-1,-1,-1,-1,-1,12000,-1,-1,-1,-1,-1,-1,-1,-1,-1,-1,-1,3420
104,-1,-1,-1,-1,-1,-1,-1,-1,-1,-1,-1,-1,-1,-1,-1,-1,-1,-1,45000,-1,-1,-1,-1,-1,-1,-1,-1,-1,42000,-1,-1,-1,-1,-1,-1,-1,-1,-1,-1,-1,3421
105,-1,-1,-1,-1,-1,-1,43000,-1,-1,-1,-1,-1,-1,-1,-1,-1,-1,-1,45000,-1,-1,-1,-1,-1,-1,-1,-1,-1,-1,-1,-1,-1,-1,-1,-1,-1,-1,-1,-1,-1,3422
106,-1,-1,-1,-1,-1,-1,12000,-1,-1,-1,-1,-1,-1,-1,-1,-1,-1,-1,-1,-1,-1,-1,-1,-1,-1,-1,-1,-1,-1,-1,-1,-1,-1,15000,-1,-1,-1,-1,-1,-1,3454
107,-1,-1,-1,-1,-1,-1,-1,-1,-1,-1,-1,-1,-1,-1,-1,-1,-1,-1,-1,-1,-1,-1,-1,-1,-1,-1,-1,-1,10000,-1,-1,-1,-1,12000,-1,-1,-1,-1,-1,-1,3459
108,-1,-1,-1,-1,-1,-1,-1,-1,-1,-1,-1,-1,-1,-1,-1,-1,-1,-1,0,-1,-1,-1,-1,-1,-1,-1,-1,-1,-1,-1,-1,-1,-1,0,-1,-1,-1,-1,-1,-1,3474
109,-1,-1,-1,-1,-1,-1,-1,-1,-1,-1,-1,-1,-1,-1,-1,-1,-1,-1,-1,-1,-1,-1,-1,-1,-1,-1,-1,-1,10000,-1,-1,-1,-1,13000,-1,-1,-1,-1,-1,-1,3482
110,-1,-1,-1,-1,-1,-1,-1,-1,-1,-1,-1,-1,-1,-1,-1,-1,-1,-1,-1,-1,-1,-1,-1,-1,-1,-1,-1,-1,10000,-1,-1,-1,-1,13000,-1,-1,-1,-1,-1,-1,3483
111,-1,-1,-1,-1,-1,-1,-1,-1,-1,-1,-1,-1,-1,-1,15000,-1,9000,-1,15000,-1,-1,-1,9000,-1,-1,-1,-1,-1,-1,-1,-1,-1,-1,-1,-1,-1,-1,-1,-1,-1,3486
112,10000,-1,-1,-1,-1,-1,-1,-1,-1,-1,-1,-1,-1,-1,-1,-1,-1,-1,10000,-1,-1,-1,-1,-1,-1,-1,-1,-1,8000,-1,-1,-1,8000,10000,-1,-1,-1,-1,-1,-1,3500
113,-1,-1,-1,-1,-1,-1,0,-1,-1,-1,-1,-1,-1,-1,-1,-1,-1,-1,0,-1,-1,-1,-1,-1,-1,-1,-1,-1,-1,-1,-1,-1,-1,-1,-1,-1,-1,-1,-1,-1,3511
114,-1,-1,-1,-1,-1,-1,49000,-1,-1,-1,-1,-1,-1,-1,-1,-1,-1,-1,49000,-1,-1,-1,-1,-1,-1,-1,-1,-1,-1,-1,-1,-1,-1,-1,-1,-1,-1,-1,-1,-1,3539
115,-1,-1,-1,-1,3000,-1,-1,-1,-1,-1,-1,-1,-1,-1,-1,-1,-1,-1,5000,-1,-1,-1,-1,-1,-1,-1,-1,-1,-1,3000,-1,-1,-1,-1,-1,-1,-1,-1,-1,-1,3555
116,-1,-1,-1,-1,-1,-1,-1,-1,-1,-1,-1,-1,-1,-1,15000,-1,9000,-1,15000,-1,-1,-1,9000,-1,-1,-1,-1,-1,-1,-1,-1,-1,-1,-1,-1,-1,-1,-1,-1,-1,3558
117,-1,-1,-1,-1,-1,-1,0,-1,-1,-1,-1,-1,-1,-1,-1,-1,-1,-1,0,-1,-1,-1,-1,-1,-1,-1,-1,-1,-1,-1,-1,-1,-1,-1,-1,-1,-1,-1,-1,-1,3560
118,-1,-1,-1,-1,-1,-1,-1,-1,-1,-1,-1,-1,-1,-1,-1,-1,-1,-1,12000,-1,-1,-1,-1,-1,-1,-1,-1,-1,10000,-1,-1,-1,-1,-1,-1,-1,-1,-1,-1,-1,3561
119,-1,-1,-1,-1,-1,-1,-1,-1,-1,-1,-1,-1,-1,-1,-1,-1,-1,-1,-1,-1,-1,-1,-1,-1,-1,-1,-1,-1,10000,-1,-1,-1,-1,12000,-1,-1,-1,-1,-1,-1,3573
120,-1,-1,-1,-1,-1,-1,-1,-1,-1,-1,-1,-1,-1,-1,-1,-1,-1,-1,-1,-1,-1,-1,-1,-1,-1,-1,-1,-1,-1,8000,-1,-1,-1,10000,-1,-1,-1,-1,-1,-1,3578
121,-1,-1,-1,-1,-1,-1,-1,-1,-1,-1,-1,-1,-1,-1,-1,-1,-1,-1,13000,-1,-1,-1,-1,-1,-1,-1,-1,10000,-1,-1,-1,-1,-1,-1,-1,-1,-1,-1,-1,-1,3587
122,-1,-1,-1,13000,-1,-1,-1,-1,-1,-1,-1,-1,-1,-1,-1,-1,-1,-1,15000,-1,-1,-1,-1,-1,-1,-1,-1,-1,-1,-1,-1,-1,-1,-1,-1,-1,-1,-1,-1,-1,3616
123,-1,-1,-1,-1,-1,-1,-1,-1,-1,-1,-1,-1,-1,-1,-1,-1,-1,-1,-1,-1,-1,-1,-1,-1,-1,-1,-1,10000,-1,-1,-1,-1,-1,13000,-1,-1,-1,-1,-1,-1,3628
124,-1,-1,-1,-1,-1,-1,-1,-1,-1,-1,-1,-1,-1,-1,-1,-1,-1,-1,13000,-1,-1,-1,-1,-1,-1,-1,-1,10000,-1,-1,-1,-1,-1,-1,-1,-1,-1,-1,-1,-1,3629
125,-1,-1,-1,-1,-1,-1,-1,-1,-1,-1,-1,-1,-1,-1,-1,-1,-1,-1,13000,-1,-1,-1,-1,-1,-1,-1,-1,10000,-1,-1,-1,-1,-1,-1,-1,-1,-1,-1,-1,-1,3631
126,-1,-1,-1,-1,-1,-1,-1,-1,-1,-1,-1,-1,-1,-1,-1,-1,-1,-1,0,-1,-1,-1,-1,-1,-1,-1,-1,-1,-1,-1,-1,-1,-1,-1,-1,-1,-1,-1,-1,-1,3633
127,-1,-1,-1,-1,-1,-1,-1,-1,-1,-1,-1,-1,-1,-1,15000,-1,-1,-1,15000,-1,-1,-1,-1,-1,-1,-1,-1,-1,-1,-1,-1,-1,-1,-1,-1,-1,-1,-1,-1,-1,3634
128,-1,-1,-1,-1,-1,-1,-1,-1,-1,-1,-1,-1,-1,-1,20000,-1,14000,-1,20000,-1,-1,-1,14000,-1,-1,-1,-1,-1,-1,-1,-1,-1,-1,-1,-1,-1,-1,-1,-1,-1,3635
129,-1,-1,-1,-1,-1,-1,0,-1,-1,-1,-1,-1,-1,-1,-1,-1,-1,-1,-1,-1,-1,-1,-1,-1,-1,-1,-1,-1,-1,-1,-1,-1,-1,-1,-1,-1,-1,-1,-1,-1,3636
130,45000,10000,-1,-1,-1,-1,-1,-1,-1,-1,-1,-1,-1,-1,-1,-1,-1,-1,-1,-1,-1,-1,-1,-1,-1,-1,-1,-1,-1,-1,-1,-1,-1,-1,-1,-1,-1,-1,-1,-1,3642
131,45000,10000,-1,-1,-1,-1,-1,-1,-1,-1,-1,-1,-1,-1,-1,-1,-1,-1,-1,-1,-1,-1,-1,-1,-1,-1,-1,-1,-1,-1,-1,-1,-1,-1,-1,-1,-1,-1,-1,-1,3643
132,-1,-1,-1,-1,-1,-1,-1,-1,-1,-1,-1,-1,17000,-1,-1,-1,-1,-1,-1,-1,-1,-1,-1,-1,-1,-1,-1,-1,-1,-1,-1,-1,-1,20000,-1,-1,-1,-1,-1,-1,3644
133,15000,-1,-1,-1,-1,-1,15000,-1,-1,-1,-1,-1,-1,-1,-1,-1,-1,-1,15000,-1,-1,-1,-1,-1,-1,-1,-1,-1,-1,-1,-1,-1,-1,15000,-1,-1,-1,-1,-1,-1,3648
134,15000,-1,-1,-1,-1,-1,15000,-1,-1,-1,-1,-1,-1,-1,-1,-1,-1,-1,15000,-1,-1,-1,-1,-1,-1,-1,-1,-1,-1,-1,-1,-1,-1,15000,-1,-1,-1,-1,-1,-1,3649
135,15000,-1,-1,-1,-1,-1,15000,-1,-1,-1,-1,-1,-1,-1,-1,-1,-1,-1,15000,-1,-1,-1,-1,-1,-1,-1,-1,-1,-1,-1,-1,-1,-1,15000,-1,-1,-1,-1,-1,-1,3650
136,-1,-1,-1,-1,-1,-1,0,-1,-1,-1,-1,-1,-1,-1,-1,-1,-1,-1,-1,-1,-1,-1,-1,-1,-1,-1,-1,-1,-1,-1,-1,-1,-1,0,-1,-1,-1,-1,-1,-1,3651
137,-1,-1,-1,-1,0,-1,-1,-1,-1,-1,-1,-1,-1,-1,-1,-1,-1,-1,0,-1,-1,-1,-1,-1,-1,-1,-1,-1,-1,-1,-1,-1,-1,0,-1,-1,-1,-1,-1,-1,3654
138,-1,-1,-1,-1,-1,-1,-1,-1,-1,-1,-1,-1,-1,-1,-1,-1,-1,-1,-1,-1,-1,-1,-1,-1,-1,-1,-1,-1,700000,-1,-1,-1,-1,705000,-1,-1,-1,-1,-1,-1,3656
139,-1,-1,-1,-1,-1,-1,-1,-1,-1,-1,-1,-1,-1,-1,-1,-1,-1,-1,-1,-1,-1,-1,-1,-1,-1,-1,-1,-1,30000,-1,-1,-1,-1,33000,-1,-1,-1,-1,-1,-1,3659
140,-1,-1,-1,-1,-1,-1,10000,-1,-1,-1,-1,-1,10000,-1,-1,-1,-1,-1,12000,-1,-1,-1,-1,-1,-1,-1,-1,-1,-1,-1,-1,-1,-1,12000,-1,-1,-1,-1,-1,-1,3661
141,-1,-1,-1,-1,-1,-1,-1,-1,-1,-1,-1,-1,-1,-1,-1,-1,-1,-1,16000,-1,-1,-1,-1,-1,-1,-1,-1,13000,-1,-1,-1,-1,-1,-1,-1,-1,-1,-1,-1,-1,3665
142,-1,-1,-1,-1,-1,-1,-1,-1,-1,-1,-1,-1,-1,-1,-1,30000,-1,-1,30000,-1,-1,-1,-1,-1,-1,-1,-1,-1,-1,-1,-1,-1,-1,-1,-1,-1,-1,-1,-1,-1,3666
143,100000,-1,-1,-1,-1,-1,-1,-1,-1,-1,-1,-1,-1,-1,-1,-1,-1,-1,-1,-1,-1,-1,-1,-1,-1,-1,-1,-1,97000,-1,-1,-1,-1,-1,-1,-1,-1,-1,-1,-1,3668
144,-1,-1,-1,-1,-1,-1,-1,-1,-1,-1,-1,-1,10000,-1,-1,-1,-1,-1,12000,-1,-1,-1,-1,-1,-1,-1,-1,-1,-1,-1,-1,-1,-1,12000,-1,-1,-1,-1,-1,-1,3671
145,-1,-1,-1,-1,-1,-1,-1,-1,-1,-1,-1,-1,-1,-1,-1,-1,-1,-1,12000,-1,-1,-1,-1,-1,-1,-1,-1,-1,12000,-1,-1,-1,-1,-1,-1,-1,-1,-1,-1,-1,3682
146,-1,-1,-1,-1,-1,-1,-1,-1,-1,-1,-1,-1,-1,-1,-1,-1,-1,-1,12000,-1,-1,-1,-1,-1,-1,-1,-1,-1,12000,-1,-1,-1,-1,-1,-1,-1,-1,-1,-1,-1,3683
147,-1,-1,-1,-1,-1,-1,-1,-1,-1,-1,-1,-1,-1,-1,-1,-1,-1,-1,-1,-1,-1,-1,-1,-1,-1,-1,-1,13000,-1,-1,-1,-1,-1,16000,-1,-1,-1,-1,-1,-1,3697
148,-1,-1,-1,-1,-1,-1,-1,-1,-1,-1,-1,-1,-1,-1,-1,-1,-1,-1,33000,-1,-1,-1,-1,-1,-1,-1,-1,-1,30000,-1,-1,-1,-1,-1,-1,-1,-1,-1,-1,-1,3709
149,-1,-1,-1,-1,-1,-1,-1,-1,-1,-1,-1,-1,-1,-1,-1,-1,-1,-1,0,-1,-1,-1,-1,-1,-1,-1,-1,-1,-1,-1,-1,-1,-1,-1,-1,-1,-1,-1,-1,-1,3711
150,-1,-1,-1,2000,-1,2000,-1,-1,-1,-1,-1,-1,-1,-1,-1,-1,-1,-1,5000,-1,-1,-1,-1,-1,-1,-1,-1,-1,2000,-1,-1,-1,-1,5000,-1,-1,-1,-1,-1,-1,3717
151,-1,-1,-1,-1,-1,-1,-1,-1,-1,-1,-1,-1,-1,-1,-1,-1,-1,-1,17000,-1,-1,-1,-1,-1,-1,-1,-1,-1,17000,-1,-1,-1,-1,-1,-1,-1,-1,-1,-1,-1,3722
152,-1,-1,-1,-1,-1,-1,-1,-1,-1,-1,-1,-1,-1,-1,50000,-1,-1,-1,50000,-1,-1,-1,-1,-1,-1,-1,-1,-1,-1,-1,-1,-1,-1,-1,-1,-1,-1,-1,-1,-1,3724
153,-1,-1,-1,-1,-1,-1,-1,-1,-1,-1,-1,-1,-1,-1,15000,-1,9000,-1,15000,-1,-1,-1,9000,-1,-1,-1,-1,-1,-1,-1,-1,-1,-1,-1,-1,-1,-1,-1,-1,-1,3725
154,-1,-1,-1,-1,-1,-1,-1,-1,-1,-1,-1,-1,-1,-1,30000,-1,-1,-1,30000,-1,-1,-1,-1,-1,-1,-1,-1,-1,-1,-1,-1,-1,-1,-1,-1,-1,-1,-1,-1,-1,3726
155,-1,-1,-1,-1,-1,-1,-1,-1,-1,-1,-1,-1,-1,-1,15000,-1,-1,-1,15000,-1,-1,-1,-1,-1,-1,-1,-1,-1,-1,-1,-1,-1,-1,-1,-1,-1,-1,-1,-1,-1,3727
156,-1,-1,-1,-1,-1,-1,-1,-1,-1,-1,-1,-1,-1,-1,15000,-1,-1,-1,15000,-1,-1,-1,-1,-1,-1,-1,-1,-1,-1,-1,-1,-1,-1,-1,-1,-1,-1,-1,-1,-1,3731
157,-1,-1,-1,-1,-1,-1,-1,-1,-1,-1,-1,-1,-1,-1,-1,-1,-1,-1,-1,-1,-1,-1,-1,-1,-1,-1,-1,-1,-1,-1,-1,-1,-1,0,-1,-1,-1,-1,-1,-1,3770
158,-1,-1,-1,-1,-1,-1,0,-1,-1,-1,-1,-1,-1,-1,-1,-1,-1,-1,0,-1,-1,-1,-1,-1,-1,-1,-1,-1,-1,-1,-1,-1,-1,-1,-1,-1,-1,-1,-1,-1,3772
159,-1,-1,-1,-1,-1,-1,13000,-1,-1,-1,-1,-1,-1,-1,-1,-1,-1,-1,15000,-1,-1,-1,-1,-1,-1,-1,-1,-1,-1,-1,-1,-1,-1,-1,-1,-1,-1,-1,-1,-1,3777
160,-1,-1,-1,-1,-1,-1,-1,-1,-1,-1,-1,-1,15000,-1,-1,-1,-1,-1,17000,-1,-1,-1,-1,-1,-1,-1,-1,-1,17000,-1,-1,-1,-1,-1,-1,-1,-1,-1,-1,-1,3785
161,-1,-1,-1,-1,-1,10000,-1,-1,-1,-1,-1,-1,-1,-1,-1,-1,-1,-1,-1,-1,-1,-1,-1,-1,-1,-1,-1,-1,-1,-1,-1,-1,-1,-1,-1,-1,-1,-1,-1,-1,3790
162,-1,-1,-1,-1,-1,-1,-1,-1,-1,-1,-1,-1,-1,-1,-1,25000,-1,-1,25000,-1,-1,-1,-1,-1,-1,-1,-1,-1,-1,-1,-1,-1,-1,-1,-1,-1,-1,-1,-1,-1,3808
163,-1,-1,-1,-1,-1,-1,-1,-1,-1,-1,-1,-1,-1,-1,-1,15000,-1,-1,15000,-1,-1,-1,-1,-1,-1,-1,-1,-1,-1,-1,-1,-1,-1,-1,-1,-1,-1,-1,-1,-1,3810
164,-1,-1,-1,-1,-1,-1,0,-1,-1,-1,-1,-1,-1,-1,-1,-1,-1,-1,-1,-1,-1,-1,-1,-1,-1,-1,-1,-1,-1,-1,-1,-1,-1,0,-1,-1,-1,-1,-1,-1,3825
165,-1,-1,-1,-1,-1,-1,-1,-1,-1,-1,-1,-1,-1,-1,-1,-1,-1,-1,-1,-1,-1,-1,-1,-1,-1,-1,-1,-1,-1,-1,-1,-1,-1,0,-1,-1,-1,-1,-1,-1,3827
166,-1,-1,-1,-1,-1,-1,18000,-1,-1,-1,-1,-1,-1,-1,-1,-1,-1,-1,20000,-1,-1,-1,-1,-1,-1,-1,-1,-1,-1,-1,-1,-1,-1,-1,-1,-1,-1,-1,-1,-1,3828
167,-1,-1,-1,-1,-1,20000,-1,-1,-1,-1,-1,-1,-1,-1,-1,-1,-1,-1,22000,-1,-1,-1,-1,-1,-1,-1,-1,-1,22000,-1,-1,-1,-1,-1,-1,-1,-1,-1,-1,-1,3830
168,-1,-1,-1,-1,-1,-1,-1,-1,-1,-1,-1,-1,-1,-1,-1,-1,-1,-1,-1,-1,-1,-1,-1,-1,-1,-1,-1,-1,700000,-1,-1,-1,-1,705000,-1,-1,-1,-1,-1,-1,3834
169,-1,-1,-1,-1,-1,-1,10000,-1,-1,-1,-1,-1,-1,-1,-1,-1,-1,-1,-1,-1,-1,-1,-1,-1,-1,-1,-1,-1,-1,-1,-1,-1,-1,10000,-1,-1,-1,-1,-1,-1,3840
170,-1,-1,-1,-1,-1,-1,0,-1,-1,-1,-1,-1,-1,-1,-1,-1,-1,-1,0,-1,-1,-1,-1,-1,-1,-1,-1,-1,-1,-1,-1,-1,-1,-1,-1,-1,-1,-1,-1,-1,3841
171,-1,-1,-1,-1,-1,-1,0,-1,-1,-1,-1,-1,-1,-1,-1,-1,-1,-1,0,-1,-1,-1,-1,-1,-1,-1,-1,-1,-1,-1,-1,-1,-1,0,-1,-1,-1,-1,-1,-1,3842
172,-1,-1,-1,-1,-1,-1,-1,-1,-1,-1,-1,-1,-1,-1,-1,-1,-1,-1,-1,-1,-1,-1,-1,-1,-1,-1,-1,-1,-1,-1,-1,-1,-1,30000,-1,-1,-1,-1,-1,-1,3843
173,-1,-1,-1,-1,-1,-1,-1,-1,-1,-1,-1,-1,-1,-1,-1,15000,-1,-1,15000,-1,-1,-1,-1,-1,-1,-1,-1,-1,-1,-1,-1,-1,-1,-1,-1,-1,-1,-1,-1,-1,3844
174,-1,-1,-1,-1,-1,-1,-1,-1,-1,-1,-1,-1,-1,-1,-1,-1,-1,-1,0,-1,-1,-1,-1,-1,-1,-1,-1,-1,-1,-1,-1,-1,-1,-1,-1,-1,-1,-1,-1,-1,3845
175,-1,-1,-1,-1,-1,-1,15000,-1,-1,-1,-1,-1,-1,-1,-1,-1,-1,-1,15000,-1,-1,-1,-1,-1,-1,-1,-1,-1,-1,-1,-1,-1,-1,-1,-1,-1,-1,-1,-1,-1,3847
176,200000,-1,-1,-1,-1,-1,195000,-1,-1,-1,-1,-1,-1,-1,-1,-1,-1,-1,-1,-1,-1,-1,-1,-1,-1,-1,-1,-1,-1,-1,-1,-1,-1,-1,-1,-1,-1,-1,-1,-1,3848
177,-1,-1,-1,-1,-1,-1,-1,-1,-1,-1,-1,-1,-1,-1,-1,-1,-1,-1,-1,-1,-1,-1,-1,-1,-1,-1,-1,-1,145000,-1,-1,-1,-1,150000,-1,-1,-1,-1,-1,-1,3849
178,-1,-1,-1,-1,13000,-1,-1,-1,-1,-1,-1,-1,-1,-1,-1,-1,-1,-1,18000,-1,-1,-1,-1,-1,-1,-1,-1,-1,-1,-1,-1,-1,-1,-1,-1,-1,-1,-1,-1,-1,3850
179,-1,-1,-1,-1,110000,-1,-1,-1,-1,-1,-1,-1,-1,-1,-1,-1,-1,-1,110000,-1,-1,-1,-1,-1,-1,-1,-1,-1,-1,-1,-1,-1,-1,-1,-1,-1,-1,-1,-1,-1,3851
180,-1,-1,-1,-1,135000,-1,-1,-1,-1,-1,-1,-1,-1,-1,-1,-1,-1,-1,135000,-1,-1,-1,-1,-1,-1,-1,-1,-1,-1,-1,-1,-1,-1,-1,-1,-1,-1,-1,-1,-1,3852
181,-1,-1,-1,-1,135000,-1,-1,-1,-1,-1,-1,-1,-1,-1,-1,-1,-1,-1,135000,-1,-1,-1,-1,-1,-1,-1,-1,-1,-1,-1,-1,-1,-1,-1,-1,-1,-1,-1,-1,-1,3853
182,-1,-1,-1,-1,-1,-1,-1,-1,-1,-1,-1,-1,-1,-1,-1,-1,-1,-1,45000,-1,-1,-1,-1,-1,-1,-1,-1,-1,42000,-1,-1,-1,-1,-1,-1,-1,-1,-1,-1,-1,3854
183,-1,-1,-1,-1,-1,-1,-1,-1,-1,-1,-1,-1,13000,-1,-1,-1,-1,-1,-1,-1,-1,-1,-1,-1,-1,-1,-1,-1,-1,-1,-1,-1,-1,15000,-1,-1,-1,-1,-1,-1,3855
184,-1,-1,-1,-1,-1,-1,12000,-1,-1,-1,-1,-1,-1,-1,-1,-1,-1,-1,15000,-1,-1,-1,-1,-1,-1,-1,-1,-1,-1,-1,-1,-1,-1,-1,-1,-1,-1,-1,-1,-1,3856
185,-1,-1,-1,-1,-1,-1,9900,-1,-1,-1,-1,-1,-1,-1,-1,-1,-1,-1,9900,-1,-1,-1,-1,-1,-1,-1,-1,-1,-1,-1,-1,-1,-1,-1,-1,-1,-1,-1,-1,-1,3857
186,-1,-1,-1,-1,-1,-1,15000,-1,-1,-1,-1,-1,-1,-1,-1,-1,-1,-1,-1,-1,-1,-1,-1,-1,-1,-1,-1,-1,-1,-1,-1,-1,-1,18000,-1,-1,-1,-1,-1,-1,3858
187,-1,-1,-1,-1,-1,-1,-1,-1,-1,-1,-1,-1,-1,-1,-1,-1,-1,-1,-1,-1,-1,-1,-1,-1,-1,-1,-1,10000,-1,-1,-1,-1,-1,13000,-1,-1,-1,-1,-1,-1,3859
188,-1,-1,-1,-1,-1,-1,-1,-1,-1,-1,-1,-1,-1,-1,-1,-1,-1,-1,-1,-1,-1,-1,-1,-1,-1,-1,-1,-1,0,-1,-1,-1,-1,-1,-1,-1,-1,-1,-1,-1,3860
189,-1,-1,-1,-1,-1,-1,10000,-1,-1,-1,-1,-1,-1,-1,-1,-1,-1,-1,12000,-1,-1,-1,-1,-1,-1,-1,-1,-1,-1,-1,-1,-1,-1,-1,-1,-1,-1,-1,-1,-1,3861
190,-1,-1,-1,-1,-1,-1,-1,-1,-1,-1,-1,-1,-1,-1,-1,-1,-1,-1,-1,-1,-1,-1,-1,-1,-1,-1,-1,-1,-1,-1,-1,-1,-1,0,-1,-1,-1,-1,-1,-1,3863
191,-1,-1,-1,-1,-1,-1,-1,-1,-1,-1,-1,-1,-1,-1,-1,-1,-1,-1,0,-1,-1,-1,-1,-1,-1,-1,-1,-1,-1,-1,-1,-1,-1,-1,-1,-1,-1,-1,-1,-1,3864
192,-1,-1,-1,-1,-1,-1,15000,-1,-1,-1,-1,-1,-1,-1,-1,-1,-1,-1,15000,-1,-1,-1,-1,-1,-1,-1,-1,-1,-1,-1,-1,-1,-1,17000,-1,-1,-1,-1,-1,-1,3866
193,51000,-1,-1,-1,-1,-1,-1,-1,-1,-1,-1,-1,-1,-1,-1,-1,-1,-1,-1,-1,-1,-1,-1,-1,-1,-1,-1,49000,-1,-1,-1,-1,-1,-1,-1,-1,-1,-1,-1,-1,3868
194,-1,-1,-1,-1,-1,-1,4000,-1,-1,-1,-1,-1,-1,-1,-1,-1,-1,-1,-1,-1,-1,-1,-1,-1,-1,-1,-1,-1,-1,-1,-1,-1,-1,5000,-1,-1,-1,-1,-1,-1,3869
195,-1,-1,-1,-1,10000,-1,-1,-1,-1,-1,-1,-1,-1,-1,-1,-1,-1,-1,12000,-1,-1,-1,-1,-1,-1,-1,-1,-1,-1,-1,-1,-1,-1,-1,-1,-1,-1,-1,-1,-1,3871
196,-1,-1,-1,-1,-1,-1,-1,-1,-1,-1,-1,-1,-1,-1,-1,20000,14000,-1,20000,-1,-1,-1,14000,-1,-1,-1,-1,-1,-1,-1,-1,-1,-1,-1,-1,-1,-1,-1,-1,-1,3872
197,-1,-1,-1,-1,-1,-1,-1,-1,-1,-1,-1,-1,-1,-1,-1,-1,-1,35000,35000,-1,-1,-1,-1,-1,-1,-1,-1,-1,-1,-1,-1,-1,-1,-1,-1,-1,-1,-1,-1,-1,3873
198,-1,-1,-1,-1,-1,-1,-1,-1,-1,-1,-1,-1,-1,-1,-1,-1,14000,20000,20000,-1,-1,-1,14000,-1,-1,-1,-1,-1,-1,-1,-1,-1,-1,-1,-1,-1,-1,-1,-1,-1,3874
199,-1,-1,-1,-1,300000,-1,-1,-1,-1,-1,-1,-1,-1,-1,-1,-1,-1,-1,300000,-1,-1,-1,-1,-1,-1,-1,-1,-1,-1,-1,-1,-1,-1,300000,-1,-1,-1,-1,-1,-1,3875
200,-1,-1,-1,-1,330000,-1,-1,-1,-1,-1,-1,-1,-1,-1,-1,-1,-1,-1,330000,-1,-1,-1,-1,-1,-1,-1,-1,-1,-1,-1,-1,-1,-1,330000,-1,-1,-1,-1,-1,-1,3876
201,-1,-1,-1,-1,330000,-1,-1,-1,-1,-1,-1,-1,-1,-1,-1,-1,-1,-1,330000,-1,-1,-1,-1,-1,-1,-1,-1,-1,-1,-1,-1,-1,-1,330000,-1,-1,-1,-1,-1,-1,3877
202,-1,-1,-1,-1,-1,-1,-1,-1,-1,-1,-1,-1,-1,-1,-1,-1,-1,-1,30000,-1,10000,-1,-1,-1,-1,-1,-1,-1,-1,-1,-1,-1,-1,35000,-1,15000,-1,-1,-1,-1,3878
203,-1,-1,-1,-1,-1,-1,100000,55000,-1,-1,-1,-1,-1,-1,-1,-1,-1,-1,-1,-1,-1,-1,-1,-1,-1,-1,-1,-1,-1,-1,-1,-1,-1,105000,-1,60000,-1,-1,-1,-1,3879
204,-1,-1,-1,-1,-1,-1,-1,-1,-1,-1,-1,-1,-1,-1,-1,-1,-1,-1,30000,-1,10000,-1,-1,-1,-1,-1,-1,-1,-1,-1,-1,-1,-1,35000,-1,15000,-1,-1,-1,-1,3880
205,-1,-1,-1,-1,-1,-1,-1,-1,-1,-1,-1,-1,-1,-1,-1,30000,-1,-1,30000,-1,-1,-1,-1,-1,-1,-1,-1,-1,-1,-1,-1,-1,-1,-1,-1,-1,-1,-1,-1,-1,3881
206,-1,-1,-1,12000,-1,-1,-1,-1,-1,-1,-1,-1,-1,-1,-1,-1,-1,-1,15000,-1,-1,-1,-1,-1,-1,-1,-1,-1,-1,-1,-1,-1,-1,-1,-1,-1,-1,-1,-1,-1,3882
207,-1,-1,-1,-1,-1,-1,-1,-1,-1,-1,-1,-1,-1,-1,-1,-1,-1,-1,-1,-1,-1,-1,-1,-1,-1,-1,-1,-1,0,-1,-1,-1,-1,0,-1,-1,-1,-1,-1,-1,3885
208,-1,-1,-1,-1,-1,-1,0,-1,-1,-1,-1,-1,-1,-1,-1,-1,-1,-1,-1,-1,-1,-1,-1,-1,-1,-1,-1,-1,-1,-1,-1,-1,-1,0,-1,-1,-1,-1,-1,-1,3886
209,-1,-1,-1,-1,-1,-1,0,-1,-1,-1,-1,-1,-1,-1,-1,-1,-1,-1,0,-1,-1,-1,-1,-1,-1,-1,-1,-1,-1,-1,-1,-1,-1,-1,-1,-1,-1,-1,-1,-1,3887
210,-1,-1,-1,-1,-1,-1,10000,-1,-1,-1,-1,-1,-1,-1,-1,-1,-1,-1,-1,-1,-1,-1,-1,-1,-1,-1,-1,-1,10000,-1,-1,-1,-1,15000,-1,-1,-1,-1,-1,-1,3888
211,-1,-1,-1,-1,-1,-1,15000,-1,-1,-1,-1,-1,-1,-1,-1,-1,-1,-1,-1,-1,-1,-1,-1,-1,-1,-1,-1,-1,-1,-1,-1,-1,-1,15000,-1,-1,-1,-1,-1,-1,3889
212,-1,-1,-1,-1,-1,-1,0,-1,-1,-1,-1,-1,-1,-1,-1,-1,-1,-1,0,-1,-1,-1,-1,-1,-1,-1,-1,-1,-1,-1,-1,-1,-1,-1,-1,-1,-1,-1,-1,-1,3890
213,-1,-1,-1,-1,-1,-1,10000,-1,-1,-1,-1,-1,-1,-1,-1,-1,-1,-1,-1,-1,-1,-1,-1,-1,-1,-1,-1,-1,10000,-1,-1,-1,-1,-1,-1,-1,-1,-1,-1,-1,3891
214,-1,-1,-1,-1,-1,-1,0,-1,-1,-1,-1,-1,-1,-1,-1,-1,-1,-1,0,-1,-1,-1,-1,-1,-1,-1,-1,-1,-1,-1,-1,-1,-1,-1,-1,-1,-1,-1,-1,-1,3892
215,-1,-1,-1,-1,-1,-1,0,-1,-1,-1,-1,-1,-1,-1,-1,-1,-1,-1,0,-1,-1,-1,-1,-1,-1,-1,-1,-1,-1,-1,-1,-1,-1,-1,-1,-1,-1,-1,-1,-1,3893
216,-1,-1,-1,-1,-1,-1,-1,-1,-1,15000,-1,-1,-1,-1,-1,-1,-1,-1,-1,-1,-1,-1,-1,-1,-1,-1,-1,-1,-1,-1,-1,-1,-1,17000,-1,-1,-1,-1,-1,-1,3894
217,-1,-1,-1,-1,-1,-1,-1,-1,-1,-1,-1,-1,-1,-1,-1,-1,-1,-1,25000,-1,-1,-1,-1,-1,-1,-1,-1,-1,23000,-1,-1,-1,-1,-1,-1,-1,-1,-1,-1,-1,3895
218,-1,-1,-1,-1,-1,-1,-1,-1,-1,-1,-1,-1,-1,-1,-1,-1,-1,-1,-1,-1,-1,-1,-1,-1,-1,-1,-1,-1,15000,-1,-1,-1,-1,-1,-1,-1,-1,-1,-1,-1,3896
219,-1,-1,-1,-1,-1,-1,-1,-1,-1,-1,-1,-1,-1,-1,-1,-1,-1,-1,-1,-1,-1,-1,-1,-1,-1,-1,-1,-1,15000,-1,-1,-1,-1,-1,-1,-1,-1,-1,-1,-1,3897
220,-1,-1,-1,-1,-1,-1,-1,-1,-1,-1,-1,-1,-1,-1,-1,-1,-1,-1,-1,-1,-1,-1,-1,-1,-1,-1,-1,-1,-1,-1,-1,-1,-1,0,-1,-1,-1,-1,-1,-1,3898
221,-1,-1,-1,-1,-1,-1,13000,-1,-1,-1,-1,-1,-1,-1,-1,-1,-1,-1,13000,-1,-1,-1,-1,-1,-1,-1,-1,-1,13000,-1,-1,-1,-1,-1,-1,-1,-1,-1,-1,-1,3899
222,-1,-1,-1,-1,20000,-1,-1,-1,-1,-1,-1,-1,-1,-1,-1,-1,-1,-1,-1,-1,-1,-1,-1,-1,-1,-1,-1,-1,20000,-1,-1,-1,-1,-1,-1,-1,-1,-1,-1,-1,3900
223,-1,-1,-1,-1,-1,-1,0,-1,-1,-1,-1,-1,-1,-1,-1,-1,-1,-1,-1,-1,-1,-1,-1,-1,-1,-1,-1,-1,-1,-1,-1,-1,-1,0,-1,-1,-1,-1,-1,-1,3901
224,-1,-1,-1,-1,-1,-1,0,-1,-1,-1,-1,-1,-1,-1,-1,-1,-1,-1,-1,-1,-1,-1,-1,-1,-1,-1,-1,-1,-1,-1,-1,-1,-1,0,-1,-1,-1,-1,-1,-1,3902
225,-1,-1,-1,-1,-1,-1,-1,-1,-1,-1,-1,-1,-1,-1,-1,-1,-1,-1,15000,-1,-1,-1,-1,-1,-1,-1,-1,-1,15000,-1,-1,-1,-1,17000,-1,-1,-1,-1,-1,-1,3903
226,-1,-1,-1,-1,-1,-1,0,-1,-1,-1,-1,-1,-1,-1,-1,-1,-1,-1,-1,-1,-1,-1,-1,-1,-1,-1,-1,-1,-1,-1,-1,-1,-1,-1,-1,-1,-1,-1,-1,-1,3904
227,-1,-1,-1,-1,-1,-1,0,-1,-1,-1,-1,-1,-1,-1,-1,-1,-1,-1,-1,-1,-1,-1,-1,-1,-1,-1,-1,-1,-1,-1,-1,-1,-1,0,-1,-1,-1,-1,-1,-1,3905
228,-1,-1,-1,-1,0,-1,-1,-1,-1,-1,-1,-1,-1,-1,-1,-1,-1,-1,-1,-1,-1,-1,-1,-1,-1,-1,-1,-1,-1,-1,-1,-1,-1,-1,-1,-1,-1,-1,-1,-1,3906
229,-1,-1,-1,-1,-1,-1,0,-1,-1,-1,-1,-1,-1,-1,-1,-1,-1,-1,-1,-1,-1,-1,-1,-1,-1,-1,-1,-1,-1,-1,-1,-1,-1,-1,-1,-1,-1,-1,-1,-1,3907
230,-1,-1,-1,-1,-1,-1,-1,-1,-1,-1,-1,-1,13000,-1,-1,-1,-1,-1,-1,-1,-1,-1,-1,-1,-1,-1,-1,-1,-1,-1,-1,-1,-1,15000,-1,-1,-1,-1,-1,-1,3908
231,-1,-1,-1,-1,-1,-1,-1,-1,-1,-1,-1,-1,15000,-1,-1,-1,-1,-1,-1,-1,-1,-1,-1,-1,-1,-1,-1,-1,-1,-1,-1,-1,-1,18000,-1,-1,-1,-1,-1,-1,3909
232,-1,-1,-1,0,-1,-1,-1,-1,-1,-1,-1,-1,-1,-1,-1,-1,-1,-1,-1,-1,-1,-1,-1,-1,-1,-1,-1,-1,-1,-1,-1,-1,-1,-1,-1,-1,-1,-1,-1,-1,3910
233,-1,-1,-1,-1,-1,-1,12000,-1,-1,-1,-1,-1,-1,-1,-1,-1,-1,-1,15000,-1,-1,-1,-1,-1,-1,-1,-1,-1,-1,-1,-1,-1,-1,-1,-1,-1,-1,-1,-1,-1,3911
234,-1,-1,-1,-1,-1,-1,-1,-1,-1,-1,-1,-1,-1,-1,-1,-1,-1,-1,20000,-1,-1,-1,-1,-1,-1,-1,-1,-1,20000,-1,-1,-1,-1,-1,-1,-1,-1,-1,-1,-1,3912
235,-1,-1,-1,-1,-1,-1,-1,-1,-1,-1,-1,-1,-1,-1,-1,-1,-1,-1,-1,-1,-1,-1,-1,-1,-1,-1,-1,-1,0,-1,-1,-1,-1,0,-1,-1,-1,-1,-1,-1,3913
236,-1,-1,-1,-1,0,-1,-1,-1,-1,-1,-1,-1,-1,-1,-1,-1,-1,-1,-1,-1,-1,-1,-1,-1,-1,-1,-1,-1,-1,-1,-1,-1,-1,-1,-1,-1,-1,-1,-1,-1,3914
237,-1,-1,-1,-1,-1,-1,20000,-1,-1,-1,-1,-1,-1,-1,-1,-1,-1,-1,20000,-1,-1,-1,-1,-1,-1,-1,-1,-1,-1,-1,-1,-1,-1,-1,-1,-1,-1,-1,-1,-1,3915
238,-1,-1,-1,-1,-1,-1,10000,-1,-1,-1,-1,-1,-1,-1,-1,-1,-1,-1,10000,-1,-1,-1,-1,-1,-1,-1,-1,-1,-1,-1,-1,-1,-1,-1,-1,-1,-1,-1,-1,-1,3916
239,-1,-1,-1,-1,-1,-1,-1,-1,-1,-1,-1,-1,-1,-1,-1,-1,-1,-1,15000,-1,-1,-1,-1,-1,-1,-1,-1,-1,12000,-1,-1,-1,-1,-1,-1,-1,-1,-1,-1,-1,3917
240,-1,-1,-1,-1,-1,-1,20000,-1,-1,-1,-1,-1,-1,-1,-1,-1,-1,-1,22000,-1,-1,-1,-1,-1,-1,-1,-1,-1,-1,-1,-1,-1,-1,-1,-1,-1,-1,-1,-1,-1,3918
241,-1,-1,-1,-1,-1,-1,0,-1,-1,-1,-1,-1,-1,-1,-1,-1,-1,-1,0,-1,-1,-1,-1,-1,-1,-1,-1,-1,-1,-1,-1,-1,-1,-1,-1,-1,-1,-1,-1,-1,3919
242,-1,-1,-1,-1,-1,-1,0,-1,-1,-1,-1,-1,-1,-1,-1,-1,-1,-1,0,-1,-1,-1,-1,-1,-1,-1,-1,-1,-1,-1,-1,-1,-1,-1,-1,-1,-1,-1,-1,-1,3920
243,-1,-1,-1,-1,0,-1,-1,-1,-1,-1,-1,-1,-1,-1,-1,-1,-1,-1,0,-1,-1,-1,-1,-1,-1,-1,-1,-1,-1,-1,-1,-1,-1,-1,-1,-1,-1,-1,-1,-1,3921
244,-1,-1,-1,-1,-1,-1,-1,-1,-1,-1,-1,-1,-1,-1,-1,-1,-1,-1,30000,-1,-1,-1,-1,-1,-1,-1,-1,-1,-1,-1,-1,-1,-1,30000,-1,-1,-1,-1,-1,-1,3924
245,-1,-1,-1,-1,10000,-1,-1,-1,-1,-1,-1,-1,-1,-1,-1,-1,-1,-1,12000,-1,-1,-1,-1,-1,-1,-1,-1,-1,-1,-1,-1,-1,-1,12000,-1,-1,-1,-1,-1,-1,3925
246,-1,-1,-1,-1,-1,-1,-1,-1,-1,-1,-1,-1,-1,-1,-1,-1,-1,-1,0,-1,-1,-1,-1,-1,-1,-1,-1,-1,-1,-1,-1,-1,-1,-1,-1,-1,-1,-1,-1,-1,3926
247,-1,-1,-1,-1,-1,-1,-1,-1,-1,-1,-1,-1,-1,-1,-1,15000,-1,-1,15000,-1,-1,-1,-1,-1,-1,-1,-1,-1,-1,-1,-1,-1,-1,-1,-1,-1,-1,-1,-1,-1,3927
248,-1,-1,-1,-1,-1,-1,10000,-1,-1,-1,-1,-1,-1,-1,-1,-1,-1,-1,12000,-1,-1,-1,-1,-1,-1,-1,-1,-1,-1,-1,-1,-1,-1,-1,-1,-1,-1,-1,-1,-1,3928
249,-1,-1,-1,-1,-1,-1,47000,-1,-1,-1,-1,-1,-1,-1,-1,-1,-1,-1,-1,-1,-1,-1,-1,-1,-1,-1,-1,-1,-1,-1,-1,-1,-1,50000,-1,-1,-1,-1,-1,-1,3929
250,-1,-1,-1,-1,-1,-1,0,-1,-1,-1,-1,-1,-1,-1,-1,-1,-1,-1,0,-1,-1,-1,-1,-1,-1,-1,-1,-1,0,-1,-1,-1,-1,0,-1,-1,-1,-1,-1,-1,3930
251,-1,-1,-1,-1,-1,-1,0,-1,-1,-1,-1,-1,-1,-1,-1,-1,-1,-1,0,-1,-1,-1,-1,-1,-1,-1,-1,-1,-1,-1,-1,-1,-1,-1,-1,-1,-1,-1,-1,-1,3931
252,-1,-1,-1,-1,-1,-1,0,-1,-1,-1,-1,-1,-1,-1,-1,-1,-1,-1,0,-1,-1,-1,-1,-1,-1,-1,-1,-1,-1,-1,-1,-1,-1,-1,-1,-1,-1,-1,-1,-1,3933
253,-1,-1,-1,-1,-1,-1,-1,-1,-1,-1,-1,-1,-1,-1,-1,-1,-1,-1,0,-1,-1,-1,-1,-1,-1,-1,-1,-1,-1,-1,-1,-1,-1,-1,-1,-1,-1,-1,-1,-1,3934
254,-1,-1,-1,-1,0,-1,-1,-1,-1,-1,-1,-1,-1,-1,-1,-1,-1,-1,-1,-1,-1,-1,-1,-1,-1,-1,-1,-1,0,-1,-1,-1,-1,-1,-1,-1,-1,-1,-1,-1,3935
255,10000,-1,-1,-1,-1,-1,5000,-1,-1,10000,-1,-1,-1,-1,-1,-1,-1,-1,10000,-1,-1,-1,-1,-1,-1,-1,-1,-1,-1,-1,-1,-1,-1,10000,-1,-1,-1,-1,-1,-1,3936
256,-1,-1,-1,-1,-1,-1,-1,-1,-1,-1,-1,-1,-1,-1,-1,-1,-1,-1,15000,-1,-1,-1,-1,-1,-1,-1,-1,-1,15000,-1,-1,-1,-1,20000,-1,-1,-1,-1,-1,-1,3937
257,-1,-1,-1,-1,-1,-1,-1,-1,-1,-1,-1,-1,-1,-1,-1,-1,-1,-1,-1,-1,-1,-1,-1,-1,-1,-1,-1,-1,10000,-1,-1,-1,-1,13000,-1,-1,-1,-1,-1,-1,3938
258,-1,-1,-1,-1,-1,-1,13000,-1,-1,-1,-1,-1,-1,-1,-1,-1,-1,-1,-1,-1,-1,-1,-1,-1,-1,-1,-1,13000,-1,-1,-1,-1,-1,16000,-1,-1,-1,-1,-1,-1,3939
259,-1,-1,-1,-1,-1,-1,20000,-1,14000,-1,-1,-1,-1,-1,-1,-1,-1,-1,25000,-1,-1,-1,19000,-1,-1,-1,-1,-1,-1,-1,-1,-1,-1,-1,-1,-1,-1,-1,-1,-1,3941
260,-1,-1,-1,-1,-1,-1,-1,-1,-1,-1,-1,-1,-1,-1,-1,-1,-1,35000,35000,-1,-1,-1,-1,-1,-1,-1,-1,-1,-1,-1,-1,-1,-1,-1,-1,-1,-1,-1,-1,-1,3942
261,-1,-1,-1,-1,-1,-1,-1,-1,-1,-1,-1,-1,-1,-1,-1,-1,-1,12000,15000,-1,-1,-1,-1,-1,-1,-1,-1,-1,-1,-1,-1,-1,-1,-1,-1,-1,-1,-1,-1,-1,3943
262,-1,-1,-1,-1,-1,-1,-1,-1,-1,-1,-1,-1,-1,-1,-1,-1,-1,-1,-1,-1,-1,-1,-1,-1,-1,-1,-1,-1,-1,-1,-1,-1,-1,33000,-1,-1,-1,-1,-1,-1,3945
263,-1,-1,-1,-1,-1,-1,-1,-1,-1,-1,-1,-1,-1,-1,-1,-1,-1,-1,-1,-1,-1,-1,-1,-1,-1,-1,-1,-1,-1,-1,-1,-1,-1,0,-1,-1,-1,-1,-1,-1,3946
264,-1,-1,-1,-1,-1,-1,20000,-1,-1,-1,-1,-1,-1,-1,-1,-1,-1,-1,20000,-1,-1,-1,-1,-1,-1,-1,-1,-1,-1,-1,-1,-1,-1,-1,-1,-1,-1,-1,-1,-1,3947
265,-1,-1,-1,-1,-1,10000,-1,-1,-1,-1,-1,-1,-1,-1,-1,-1,-1,-1,-1,-1,-1,-1,-1,-1,-1,-1,-1,-1,-1,-1,-1,-1,-1,-1,-1,-1,-1,-1,-1,-1,3948
266,15000,-1,-1,-1,-1,-1,15000,-1,-1,-1,-1,-1,-1,-1,-1,-1,-1,-1,15000,-1,-1,-1,-1,-1,-1,-1,-1,-1,-1,-1,-1,-1,-1,15000,-1,-1,-1,-1,-1,-1,3951
267,-1,-1,-1,-1,-1,-1,20000,-1,-1,-1,-1,-1,-1,-1,-1,-1,-1,-1,-1,-1,-1,-1,-1,-1,-1,-1,-1,-1,-1,-1,-1,-1,-1,20000,-1,-1,-1,-1,-1,-1,3953
268,-1,-1,-1,10000,-1,-1,-1,-1,-1,-1,-1,-1,-1,-1,-1,-1,-1,-1,12000,-1,-1,-1,-1,-1,-1,-1,-1,-1,-1,-1,-1,-1,-1,12000,-1,-1,-1,-1,-1,-1,3957
269,-1,-1,-1,-1,-1,-1,-1,-1,-1,-1,-1,-1,-1,-1,-1,-1,-1,-1,10000,-1,-1,-1,-1,-1,-1,-1,-1,-1,-1,-1,-1,-1,-1,-1,-1,-1,-1,-1,-1,-1,3958
270,-1,-1,-1,-1,-1,-1,-1,-1,-1,-1,-1,-1,-1,-1,-1,-1,-1,-1,300000,-1,-1,-1,-1,-1,-1,-1,-1,-1,-1,-1,-1,-1,295000,300000,-1,-1,-1,-1,-1,-1,3959
271,-1,-1,-1,-1,-1,-1,-1,-1,-1,-1,-1,-1,-1,-1,-1,-1,-1,-1,300000,-1,-1,-1,-1,-1,-1,-1,-1,-1,-1,-1,-1,-1,295000,300000,-1,-1,-1,-1,-1,-1,3960
272,-1,-1,-1,-1,-1,-1,-1,-1,-1,-1,-1,-1,-1,-1,-1,-1,-1,-1,-1,-1,-1,-1,-1,-1,-1,-1,-1,-1,0,-1,-1,-1,-1,0,-1,-1,-1,-1,-1,-1,3961
273,-1,-1,-1,-1,-1,-1,-1,-1,-1,-1,-1,-1,-1,-1,-1,-1,-1,-1,-1,-1,-1,-1,-1,-1,-1,-1,-1,10000,10000,-1,-1,-1,-1,13000,-1,-1,-1,-1,-1,-1,3962
274,15000,-1,-1,-1,-1,-1,15000,-1,-1,-1,-1,-1,-1,-1,-1,-1,-1,-1,15000,-1,-1,-1,-1,-1,-1,-1,-1,-1,-1,-1,-1,-1,-1,-1,-1,-1,-1,-1,-1,-1,3964
275,-1,-1,-1,-1,-1,-1,-1,-1,-1,23000,-1,-1,-1,-1,-1,-1,-1,-1,25000,-1,-1,-1,-1,-1,-1,-1,-1,-1,-1,-1,-1,-1,-1,-1,-1,-1,-1,-1,-1,-1,3965
276,15000,-1,-1,-1,-1,-1,15000,-1,-1,-1,-1,-1,-1,-1,-1,-1,-1,-1,15000,-1,-1,-1,-1,-1,-1,-1,-1,-1,-1,-1,-1,-1,-1,-1,-1,-1,-1,-1,-1,-1,3968
277,-1,-1,-1,-1,-1,-1,48000,-1,-1,-1,-1,-1,-1,-1,-1,-1,-1,-1,50000,-1,-1,-1,-1,-1,-1,-1,-1,-1,-1,-1,-1,-1,-1,-1,-1,-1,-1,-1,-1,-1,3969
278,15000,-1,-1,-1,-1,-1,15000,-1,-1,-1,-1,-1,-1,-1,-1,-1,-1,-1,15000,-1,-1,-1,-1,-1,-1,-1,-1,-1,-1,-1,-1,-1,-1,-1,-1,-1,-1,-1,-1,-1,3970
279,-1,-1,-1,-1,9000,-1,-1,-1,-1,-1,-1,-1,-1,-1,-1,-1,-1,-1,10000,-1,-1,-1,-1,-1,-1,-1,-1,-1,-1,-1,-1,-1,-1,-1,-1,-1,-1,-1,-1,-1,3972
280,-1,-1,-1,-1,-1,-1,20000,-1,-1,-1,-1,-1,-1,-1,-1,-1,-1,-1,20000,-1,-1,-1,-1,-1,-1,-1,-1,-1,-1,-1,-1,-1,-1,-1,-1,-1,-1,-1,-1,-1,3973
281,-1,-1,-1,-1,-1,-1,39000,-1,-1,-1,-1,-1,-1,-1,-1,-1,-1,-1,39000,-1,-1,-1,-1,-1,-1,-1,-1,-1,-1,-1,-1,-1,-1,-1,-1,-1,-1,-1,-1,-1,3976
282,-1,-1,-1,-1,-1,-1,15000,-1,-1,-1,-1,-1,-1,-1,-1,-1,-1,-1,15000,-1,-1,-1,-1,-1,-1,-1,-1,-1,-1,-1,-1,-1,-1,-1,-1,-1,-1,-1,-1,-1,3978
283,-1,-1,-1,-1,-1,-1,7000,-1,-1,-1,-1,-1,-1,-1,-1,-1,-1,-1,7000,-1,-1,-1,-1,-1,-1,-1,-1,-1,-1,-1,-1,-1,-1,7000,-1,-1,-1,-1,-1,-1,3979
284,-1,-1,-1,-1,-1,-1,0,-1,-1,-1,-1,-1,-1,-1,-1,-1,-1,-1,-1,-1,-1,-1,-1,-1,-1,-1,-1,-1,-1,-1,-1,-1,-1,0,-1,-1,-1,-1,-1,-1,3980
285,-1,-1,-1,-1,-1,-1,20000,-1,-1,-1,-1,-1,-1,-1,-1,-1,-1,-1,20000,-1,-1,-1,-1,-1,-1,-1,-1,-1,-1,-1,-1,-1,-1,-1,-1,-1,-1,-1,-1,-1,3981
286,-1,-1,-1,-1,-1,-1,100000,-1,-1,-1,-1,-1,-1,-1,-1,-1,-1,-1,100000,-1,-1,-1,-1,-1,-1,-1,-1,-1,-1,-1,-1,-1,-1,-1,-1,-1,-1,-1,-1,-1,3987
287,-1,-1,-1,-1,12000,-1,-1,-1,-1,-1,-1,-1,-1,-1,-1,-1,-1,-1,-1,-1,-1,-1,-1,12000,-1,-1,-1,-1,-1,-1,-1,-1,-1,-1,-1,-1,-1,-1,-1,-1,3991
288,-1,-1,-1,25000,-1,-1,-1,-1,-1,-1,-1,-1,-1,-1,-1,-1,-1,-1,25000,-1,-1,-1,-1,-1,-1,-1,-1,-1,-1,-1,-1,-1,-1,-1,-1,-1,-1,-1,-1,-1,3992
289,-1,-1,-1,10000,-1,-1,-1,-1,-1,-1,-1,-1,-1,-1,-1,-1,-1,-1,12000,-1,-1,-1,-1,-1,-1,-1,-1,-1,12000,-1,-1,-1,-1,-1,-1,-1,-1,-1,-1,-1,3996
290,-1,-1,-1,-1,-1,-1,-1,-1,-1,-1,-1,-1,-1,-1,-1,-1,-1,-1,-1,-1,-1,-1,-1,-1,-1,-1,-1,-1,-1,8000,-1,-1,-1,10000,-1,-1,-1,-1,-1,-1,3999
291,-1,-1,-1,-1,-1,-1,15000,-1,-1,-1,-1,-1,-1,-1,-1,-1,-1,-1,15000,-1,-1,-1,-1,-1,-1,-1,-1,-1,-1,-1,-1,-1,-1,-1,-1,-1,-1,-1,-1,-1,4000
292,20000,-1,-1,-1,-1,-1,20000,-1,-1,-1,-1,-1,-1,-1,-1,-1,-1,-1,20000,-1,-1,-1,-1,-1,-1,-1,-1,-1,-1,-1,-1,-1,-1,20000,-1,-1,-1,-1,-1,-1,4001
293,20000,-1,-1,-1,-1,-1,20000,-1,-1,-1,-1,-1,-1,-1,-1,-1,-1,-1,20000,-1,-1,-1,-1,-1,-1,-1,-1,-1,-1,-1,-1,-1,-1,20000,-1,-1,-1,-1,-1,-1,4002
294,20000,-1,-1,-1,-1,-1,20000,-1,-1,-1,-1,-1,-1,-1,-1,-1,-1,-1,20000,-1,-1,-1,-1,-1,-1,-1,-1,-1,-1,-1,-1,-1,-1,20000,-1,-1,-1,-1,-1,-1,4003
295,-1,-1,-1,-1,-1,-1,12000,-1,-1,-1,-1,-1,-1,-1,-1,-1,-1,-1,-1,-1,-1,-1,-1,-1,-1,-1,-1,-1,-1,-1,-1,-1,-1,-1,12000,-1,-1,-1,-1,-1,4004
296,-1,-1,-1,-1,-1,-1,10000,-1,-1,-1,-1,-1,-1,-1,-1,-1,-1,-1,-1,-1,-1,-1,-1,-1,-1,-1,-1,-1,-1,-1,-1,-1,-1,10000,-1,-1,-1,-1,-1,-1,4006
297,35000,-1,-1,-1,-1,-1,32000,-1,-1,-1,-1,-1,-1,-1,-1,-1,-1,-1,-1,-1,-1,-1,-1,-1,-1,-1,-1,-1,-1,-1,-1,-1,-1,-1,-1,-1,-1,-1,-1,-1,4009
298,-1,-1,-1,-1,-1,-1,0,-1,-1,-1,-1,-1,-1,-1,-1,-1,-1,-1,-1,-1,-1,-1,-1,-1,-1,-1,-1,-1,-1,-1,-1,-1,-1,-1,-1,-1,-1,-1,-1,-1,4010
299,-1,-1,-1,-1,-1,-1,-1,-1,-1,-1,-1,-1,-1,-1,-1,-1,-1,-1,-1,-1,-1,-1,-1,-1,-1,-1,-1,-1,0,-1,-1,-1,-1,0,-1,-1,-1,-1,-1,-1,4012
300,-1,-1,-1,-1,-1,-1,0,-1,-1,-1,-1,-1,-1,-1,-1,-1,-1,-1,0,-1,-1,-1,-1,-1,-1,-1,-1,-1,-1,-1,-1,-1,-1,-1,-1,-1,-1,-1,-1,-1,4013
301,-1,-1,-1,-1,-1,-1,10000,-1,-1,-1,-1,-1,-1,-1,-1,-1,-1,-1,10000,-1,-1,-1,-1,-1,-1,-1,-1,-1,-1,-1,-1,-1,-1,-1,-1,-1,-1,-1,-1,-1,4016
302,-1,-1,-1,-1,-1,-1,-1,-1,-1,-1,-1,-1,-1,-1,15000,-1,9000,-1,15000,-1,-1,-1,9000,-1,-1,-1,-1,-1,-1,-1,-1,-1,-1,-1,-1,-1,-1,-1,-1,-1,4053
303,-1,-1,-1,-1,-1,-1,-1,-1,-1,-1,-1,-1,-1,-1,15000,-1,9000,-1,15000,-1,-1,-1,9000,-1,-1,-1,-1,-1,-1,-1,-1,-1,-1,-1,-1,-1,-1,-1,-1,-1,4054
304,10000,-1,-1,-1,-1,-1,10000,-1,-1,-1,-1,-1,-1,-1,-1,-1,-1,-1,-1,-1,-1,-1,-1,-1,10000,-1,-1,-1,-1,-1,-1,-1,-1,-1,-1,-1,-1,-1,10000,-1,4056
305,-1,-1,-1,-1,-1,-1,150000,-1,-1,-1,-1,-1,-1,-1,-1,-1,-1,-1,150000,-1,-1,-1,-1,-1,-1,-1,-1,-1,-1,-1,-1,-1,-1,-1,-1,-1,-1,-1,-1,-1,4057
306,-1,-1,-1,-1,-1,-1,13000,-1,-1,-1,-1,-1,-1,-1,-1,-1,-1,-1,15000,-1,-1,-1,-1,-1,-1,-1,-1,-1,-1,-1,-1,-1,-1,-1,-1,-1,-1,-1,-1,-1,4058
307,-1,-1,-1,-1,-1,-1,25000,-1,-1,-1,-1,-1,-1,-1,-1,-1,-1,-1,-1,-1,-1,-1,-1,-1,-1,-1,-1,-1,-1,-1,-1,-1,-1,25000,-1,-1,-1,-1,-1,-1,4059
308,-1,-1,-1,-1,-1,-1,0,-1,-1,-1,-1,-1,-1,-1,-1,-1,-1,-1,0,-1,-1,-1,-1,-1,-1,-1,-1,-1,-1,-1,-1,-1,-1,-1,-1,-1,-1,-1,-1,-1,4060
309,-1,-1,-1,-1,-1,-1,0,-1,-1,-1,-1,-1,-1,-1,-1,-1,-1,-1,-1,-1,-1,-1,-1,-1,-1,-1,-1,-1,-1,-1,-1,-1,-1,0,-1,-1,-1,-1,-1,-1,4061
310,-1,-1,-1,-1,-1,-1,0,-1,-1,-1,-1,-1,-1,-1,-1,-1,-1,-1,-1,-1,-1,-1,-1,-1,-1,-1,-1,-1,-1,-1,-1,-1,-1,0,-1,-1,-1,-1,-1,-1,4062
311,-1,-1,-1,-1,-1,-1,4000,-1,-1,-1,-1,-1,-1,-1,-1,-1,-1,-1,-1,5000,-1,-1,-1,-1,-1,-1,-1,-1,-1,-1,-1,-1,-1,-1,5000,-1,-1,-1,-1,-1,4063
312,-1,-1,-1,-1,-1,-1,20000,-1,-1,-1,-1,-1,-1,-1,-1,-1,-1,-1,-1,-1,-1,-1,-1,-1,-1,-1,-1,-1,-1,-1,-1,-1,-1,20000,-1,-1,-1,-1,-1,-1,4064
313,10000,-1,-1,-1,-1,-1,10000,-1,-1,-1,-1,-1,-1,-1,-1,-1,-1,-1,-1,-1,-1,-1,-1,-1,10000,-1,-1,-1,-1,-1,-1,-1,-1,-1,-1,-1,-1,-1,10000,-1,4065
314,10000,-1,-1,-1,-1,-1,10000,-1,-1,-1,-1,-1,-1,-1,-1,-1,-1,-1,-1,-1,-1,-1,-1,-1,10000,-1,-1,-1,-1,-1,-1,-1,-1,-1,-1,-1,-1,-1,10000,-1,4066
315,10000,-1,-1,-1,-1,-1,10000,-1,-1,-1,-1,-1,-1,-1,-1,-1,-1,-1,-1,-1,-1,-1,-1,-1,10000,-1,-1,-1,-1,-1,-1,-1,-1,-1,-1,-1,-1,-1,10000,-1,4068
316,-1,-1,-1,-1,-1,-1,10000,-1,-1,-1,-1,-1,-1,-1,-1,-1,-1,-1,10000,-1,-1,-1,-1,-1,-1,-1,-1,-1,-1,-1,-1,-1,-1,10000,-1,-1,-1,-1,-1,-1,4069
317,-1,-1,-1,-1,-1,-1,10000,-1,-1,-1,-1,-1,-1,-1,-1,-1,-1,-1,10000,-1,-1,-1,-1,-1,-1,-1,-1,-1,-1,-1,-1,-1,-1,10000,-1,-1,-1,-1,-1,-1,4070
318,-1,-1,-1,-1,-1,-1,10000,-1,-1,-1,-1,-1,-1,-1,-1,-1,-1,-1,10000,-1,-1,-1,-1,-1,-1,-1,-1,-1,-1,-1,-1,-1,-1,10000,-1,-1,-1,-1,-1,-1,4071
319,-1,-1,-1,-1,-1,-1,30000,-1,-1,-1,-1,-1,-1,-1,-1,-1,-1,-1,30000,-1,-1,-1,-1,-1,-1,-1,-1,-1,-1,-1,-1,-1,-1,30000,-1,-1,-1,-1,-1,-1,4072
320,-1,-1,-1,-1,-1,-1,30000,-1,-1,-1,-1,-1,-1,-1,-1,-1,-1,-1,30000,-1,-1,-1,-1,-1,-1,-1,-1,-1,-1,-1,-1,-1,-1,30000,-1,-1,-1,-1,-1,-1,4073
321,-1,-1,-1,-1,-1,-1,60000,-1,-1,-1,-1,-1,-1,-1,-1,-1,-1,-1,60000,-1,-1,-1,-1,-1,-1,-1,-1,-1,-1,-1,-1,-1,-1,60000,-1,-1,-1,-1,-1,-1,4074
322,-1,-1,-1,-1,-1,-1,150000,-1,-1,-1,-1,-1,-1,-1,-1,-1,-1,-1,150000,-1,-1,-1,-1,-1,-1,-1,-1,-1,-1,-1,-1,-1,-1,150000,-1,-1,-1,-1,-1,-1,4075
323,-1,-1,-1,-1,-1,-1,90000,-1,-1,-1,-1,-1,-1,-1,-1,-1,-1,-1,90000,-1,-1,-1,-1,-1,-1,-1,-1,-1,-1,-1,-1,-1,-1,90000,-1,-1,-1,-1,-1,-1,4076
324,-1,-1,-1,-1,-1,-1,60000,-1,-1,-1,-1,-1,-1,-1,-1,-1,-1,-1,60000,-1,-1,-1,-1,-1,-1,-1,-1,-1,-1,-1,-1,-1,-1,60000,-1,-1,-1,-1,-1,-1,4077
325,-1,-1,-1,-1,-1,-1,90000,-1,-1,-1,-1,-1,-1,-1,-1,-1,-1,-1,90000,-1,-1,-1,-1,-1,-1,-1,-1,-1,-1,-1,-1,-1,-1,90000,-1,-1,-1,-1,-1,-1,4078
326,-1,-1,-1,-1,-1,-1,150000,-1,-1,-1,-1,-1,-1,-1,-1,-1,-1,-1,150000,-1,-1,-1,-1,-1,-1,-1,-1,-1,-1,-1,-1,-1,-1,150000,-1,-1,-1,-1,-1,-1,4079
327,-1,-1,-1,-1,-1,-1,300000,-1,-1,-1,-1,-1,-1,-1,-1,-1,-1,-1,300000,-1,-1,-1,-1,-1,-1,-1,-1,-1,-1,-1,-1,-1,-1,300000,-1,-1,-1,-1,-1,-1,4080
328,-1,-1,-1,-1,-1,-1,300000,-1,-1,-1,-1,-1,-1,-1,-1,-1,-1,-1,300000,-1,-1,-1,-1,-1,-1,-1,-1,-1,-1,-1,-1,-1,-1,300000,-1,-1,-1,-1,-1,-1,4081
329,-1,-1,-1,-1,-1,-1,0,-1,-1,-1,-1,-1,-1,-1,-1,-1,-1,-1,0,-1,-1,-1,-1,-1,-1,-1,-1,-1,-1,-1,-1,-1,-1,-1,-1,-1,-1,-1,-1,-1,4082
330,-1,-1,-1,-1,-1,-1,20000,-1,-1,-1,-1,-1,-1,-1,-1,-1,-1,-1,20000,-1,-1,-1,-1,-1,-1,-1,-1,-1,-1,-1,-1,-1,-1,-1,-1,-1,-1,-1,-1,-1,4083
331,-1,-1,-1,2000,-1,-1,-1,-1,-1,-1,-1,-1,-1,-1,-1,-1,-1,-1,5000,-1,-1,-1,-1,-1,-1,-1,-1,-1,2000,-1,-1,-1,-1,5000,-1,-1,-1,-1,-1,-1,4084
332,-1,-1,-1,-1,-1,-1,10000,-1,-1,-1,-1,-1,-1,-1,-1,-1,-1,-1,-1,-1,-1,-1,-1,-1,-1,-1,-1,-1,-1,-1,-1,-1,-1,10000,-1,-1,-1,-1,-1,-1,4085
333,-1,-1,-1,-1,-1,-1,0,-1,-1,-1,-1,-1,-1,-1,-1,-1,-1,-1,-1,-1,-1,-1,-1,-1,-1,-1,-1,-1,-1,-1,-1,-1,-1,-1,-1,-1,-1,-1,-1,-1,4087
334,-1,-1,-1,0,-1,-1,-1,-1,-1,-1,-1,-1,-1,-1,-1,-1,-1,-1,0,-1,-1,-1,-1,-1,-1,-1,-1,-1,-1,-1,-1,-1,-1,0,-1,-1,-1,-1,-1,-1,4088
335,-1,-1,-1,-1,-1,-1,10000,-1,-1,-1,-1,-1,-1,-1,-1,-1,-1,-1,-1,-1,-1,-1,-1,-1,-1,-1,-1,-1,-1,-1,-1,-1,-1,12000,-1,-1,-1,-1,-1,-1,4089
336,-1,-1,-1,20000,-1,-1,-1,-1,-1,-1,-1,-1,-1,-1,-1,-1,-1,-1,20000,-1,-1,-1,-1,-1,-1,-1,-1,-1,-1,-1,-1,-1,-1,-1,-1,-1,-1,-1,-1,-1,4091
337,-1,-1,-1,-1,-1,-1,12000,-1,-1,-1,-1,-1,-1,-1,-1,-1,-1,-1,-1,-1,-1,-1,-1,-1,-1,-1,-1,-1,-1,-1,-1,-1,-1,12000,-1,-1,-1,-1,-1,-1,4092
338,-1,-1,-1,-1,-1,-1,20000,-1,-1,-1,-1,-1,-1,-1,-1,-1,-1,-1,20000,-1,-1,-1,-1,-1,-1,-1,-1,-1,-1,-1,-1,-1,-1,-1,-1,-1,-1,-1,-1,-1,4093
339,-1,-1,-1,-1,-1,-1,10000,-1,-1,-1,-1,-1,-1,-1,-1,-1,-1,-1,12000,-1,-1,-1,-1,-1,-1,-1,-1,-1,-1,-1,-1,-1,-1,-1,-1,-1,-1,-1,-1,-1,4095
340,-1,-1,-1,-1,-1,0,-1,-1,-1,-1,-1,-1,-1,-1,-1,-1,-1,-1,-1,-1,-1,-1,-1,-1,-1,-1,-1,-1,-1,-1,-1,-1,-1,-1,-1,-1,-1,-1,-1,-1,4096
341,-1,-1,-1,-1,-1,-1,0,-1,-1,-1,-1,-1,-1,-1,-1,-1,-1,-1,-1,-1,-1,-1,-1,-1,-1,-1,-1,-1,-1,-1,-1,-1,-1,0,-1,-1,-1,-1,-1,-1,4097
342,-1,-1,-1,-1,-1,-1,-1,-1,-1,-1,-1,-1,-1,-1,-1,-1,-1,-1,8000,-1,-1,-1,-1,-1,-1,-1,-1,5000,-1,-1,-1,-1,-1,-1,-1,-1,-1,-1,-1,-1,4098
343,-1,-1,-1,-1,-1,-1,97000,-1,-1,-1,-1,-1,-1,-1,-1,-1,-1,-1,100000,-1,-1,-1,-1,-1,-1,-1,-1,-1,-1,-1,-1,-1,-1,100000,-1,-1,-1,-1,-1,-1,4099
344,-1,-1,-1,-1,-1,-1,0,-1,-1,-1,-1,-1,-1,-1,-1,-1,-1,-1,0,-1,-1,-1,-1,-1,-1,-1,-1,-1,-1,-1,-1,-1,-1,0,-1,-1,-1,-1,-1,-1,4100
345,-1,-1,-1,-1,-1,-1,0,-1,-1,-1,-1,-1,-1,-1,-1,-1,-1,-1,-1,-1,-1,-1,-1,-1,-1,-1,-1,-1,-1,-1,-1,-1,-1,0,-1,-1,-1,-1,-1,-1,4101
346,-1,-1,-1,-1,-1,-1,-1,-1,-1,-1,-1,-1,-1,-1,-1,-1,-1,-1,-1,-1,-1,-1,-1,-1,-1,-1,-1,-1,145000,-1,-1,-1,-1,150000,-1,-1,-1,-1,-1,-1,4102
347,45000,-1,-1,-1,-1,-1,-1,-1,-1,-1,-1,-1,-1,-1,-1,-1,-1,-1,-1,-1,-1,-1,-1,-1,-1,-1,-1,-1,-1,-1,-1,-1,-1,-1,-1,-1,-1,-1,-1,-1,4103
348,-1,-1,-1,-1,-1,-1,-1,-1,-1,200000,-1,-1,-1,-1,-1,-1,-1,-1,-1,-1,-1,-1,-1,-1,-1,-1,-1,-1,-1,-1,-1,-1,-1,210000,-1,-1,-1,-1,-1,-1,4104
349,-1,-1,-1,-1,-1,-1,-1,-1,-1,200000,-1,-1,-1,-1,-1,-1,-1,-1,-1,-1,-1,-1,-1,-1,-1,-1,-1,-1,-1,-1,-1,-1,-1,210000,-1,-1,-1,-1,-1,-1,4105
350,-1,-1,-1,-1,-1,-1,12000,-1,-1,-1,-1,-1,-1,-1,-1,-1,-1,-1,-1,-1,-1,-1,-1,-1,-1,-1,-1,-1,-1,-1,-1,-1,-1,-1,12000,-1,-1,-1,-1,-1,4106
351,-1,-1,-1,-1,-1,-1,20000,-1,15000,-1,-1,-1,-1,-1,-1,-1,-1,-1,-1,-1,-1,-1,-1,-1,-1,-1,-1,-1,-1,-1,-1,-1,-1,20000,-1,-1,-1,15000,-1,-1,4107
352,-1,-1,-1,-1,-1,-1,15000,-1,-1,-1,-1,-1,-1,-1,-1,-1,-1,-1,-1,-1,-1,-1,-1,-1,-1,-1,-1,-1,-1,-1,-1,-1,-1,-1,15000,-1,-1,-1,-1,-1,4108
353,-1,-1,-1,-1,-1,-1,0,-1,-1,-1,-1,-1,-1,-1,-1,-1,-1,-1,-1,0,-1,-1,-1,-1,-1,-1,-1,-1,-1,-1,-1,-1,-1,-1,0,-1,-1,-1,-1,-1,4109
354,-1,-1,-1,-1,-1,-1,12000,-1,-1,-1,-1,-1,-1,-1,-1,-1,-1,-1,-1,-1,-1,-1,-1,-1,-1,-1,-1,-1,-1,-1,-1,-1,-1,-1,12000,-1,-1,-1,-1,-1,4110
355,-1,-1,-1,-1,-1,-1,12000,-1,-1,-1,-1,-1,-1,-1,-1,-1,-1,-1,-1,-1,-1,-1,-1,-1,-1,-1,-1,-1,-1,-1,-1,-1,-1,-1,12000,-1,-1,-1,-1,-1,4111
356,-1,-1,-1,-1,-1,-1,15000,-1,-1,-1,-1,-1,-1,-1,-1,-1,-1,-1,-1,-1,-1,-1,-1,-1,-1,-1,-1,-1,-1,-1,-1,-1,-1,15000,-1,-1,-1,-1,-1,-1,4112
357,-1,-1,-1,-1,-1,-1,10000,-1,-1,-1,-1,-1,-1,-1,-1,-1,-1,-1,12000,-1,-1,-1,-1,-1,-1,-1,10000,-1,-1,-1,-1,-1,-1,12000,-1,-1,-1,-1,-1,-1,4113
358,-1,-1,-1,-1,-1,-1,-1,-1,-1,-1,-1,-1,-1,-1,-1,-1,-1,-1,-1,-1,-1,-1,-1,-1,-1,-1,10000,-1,-1,-1,-1,-1,-1,12000,-1,-1,-1,-1,-1,-1,4114
359,-1,-1,-1,-1,-1,-1,15000,-1,-1,-1,-1,-1,-1,-1,-1,-1,-1,-1,-1,-1,-1,-1,-1,-1,-1,-1,-1,-1,-1,-1,-1,-1,-1,15000,-1,-1,-1,-1,-1,-1,4115
360,-1,-1,-1,-1,-1,-1,-1,-1,-1,-1,-1,-1,-1,-1,-1,-1,-1,-1,-1,30000,-1,-1,-1,-1,-1,-1,-1,-1,-1,-1,-1,-1,-1,-1,35000,-1,-1,-1,-1,-1,4116
361,-1,-1,-1,-1,-1,-1,-1,-1,-1,-1,-1,-1,-1,-1,-1,-1,-1,-1,-1,30000,-1,-1,-1,-1,-1,-1,-1,-1,-1,-1,-1,-1,-1,-1,35000,-1,-1,-1,-1,-1,4117
362,-1,-1,-1,-1,-1,-1,12000,-1,-1,-1,-1,-1,-1,-1,-1,-1,-1,-1,-1,-1,-1,-1,-1,-1,-1,-1,-1,-1,-1,-1,-1,-1,-1,-1,-1,-1,-1,6000,-1,-1,4118
363,-1,-1,-1,-1,-1,-1,-1,-1,-1,-1,-1,-1,-1,-1,-1,-1,-1,-1,-1,100000,-1,-1,-1,-1,-1,-1,-1,-1,-1,-1,-1,-1,-1,-1,100000,-1,-1,-1,-1,-1,4119
364,10000,-1,-1,-1,-1,-1,10000,-1,-1,-1,-1,-1,-1,-1,-1,-1,-1,-1,10000,-1,-1,-1,-1,-1,-1,-1,-1,-1,-1,-1,-1,-1,-1,-1,-1,-1,-1,-1,-1,-1,4121
365,-1,-1,-1,10000,-1,-1,-1,-1,-1,-1,-1,-1,-1,-1,-1,-1,-1,-1,12000,-1,-1,-1,-1,-1,-1,-1,-1,-1,-1,-1,-1,-1,-1,-1,-1,-1,-1,-1,-1,-1,4137
366,-1,-1,-1,-1,-1,-1,35000,-1,-1,-1,-1,-1,-1,-1,-1,-1,-1,-1,35000,-1,-1,-1,-1,-1,-1,-1,-1,-1,-1,-1,-1,-1,-1,-1,-1,-1,-1,-1,-1,-1,4141
367,18000,-1,-1,-1,-1,-1,18000,-1,-1,-1,-1,-1,-1,-1,-1,-1,-1,-1,18000,-1,-1,-1,-1,-1,-1,-1,-1,-1,-1,-1,-1,-1,-1,18000,-1,-1,-1,-1,-1,-1,4142
368,-1,-1,-1,-1,-1,-1,0,-1,-1,-1,-1,-1,-1,-1,-1,-1,-1,-1,-1,-1,-1,-1,-1,-1,-1,-1,-1,-1,-1,-1,-1,-1,-1,-1,-1,-1,-1,-1,-1,-1,4144
369,-1,-1,-1,-1,-1,-1,0,-1,-1,-1,-1,-1,-1,-1,-1,-1,-1,-1,-1,-1,-1,-1,-1,-1,-1,-1,-1,-1,-1,-1,-1,-1,-1,-1,-1,-1,-1,-1,-1,-1,4145
370,-1,-1,-1,-1,-1,-1,12000,-1,6000,-1,-1,-1,-1,-1,-1,-1,-1,-1,12000,-1,-1,-1,6000,-1,-1,-1,-1,-1,-1,-1,-1,-1,-1,-1,-1,-1,-1,-1,-1,-1,4146
371,-1,-1,-1,-1,-1,-1,12000,-1,6000,-1,-1,-1,-1,-1,-1,-1,-1,-1,12000,-1,-1,-1,6000,-1,-1,-1,-1,-1,-1,-1,-1,-1,-1,-1,-1,-1,-1,-1,-1,-1,4147
372,-1,-1,-1,-1,-1,-1,12000,-1,6000,-1,-1,-1,-1,-1,-1,-1,-1,-1,12000,-1,-1,-1,6000,-1,-1,-1,-1,-1,-1,-1,-1,-1,-1,-1,-1,-1,-1,-1,-1,-1,4148
373,-1,-1,-1,-1,-1,-1,12000,-1,6000,-1,-1,-1,-1,-1,-1,-1,-1,-1,12000,-1,-1,-1,6000,-1,-1,-1,-1,-1,-1,-1,-1,-1,-1,-1,-1,-1,-1,-1,-1,-1,4149
374,-1,-1,-1,-1,-1,-1,3000,-1,-1,-1,-1,-1,-1,-1,-1,-1,-1,-1,-1,-1,-1,-1,-1,-1,-1,-1,-1,-1,-1,-1,-1,-1,-1,-1,-1,-1,-1,-1,-1,-1,4158
375,-1,-1,-1,-1,-1,-1,2000,-1,-1,-1,-1,-1,-1,-1,-1,-1,-1,-1,-1,-1,-1,-1,-1,-1,-1,-1,-1,-1,-1,-1,-1,-1,-1,-1,-1,-1,-1,-1,-1,-1,4174
376,-1,-1,-1,-1,-1,-1,12000,-1,-1,-1,-1,-1,-1,-1,-1,-1,-1,-1,12000,-1,-1,-1,-1,-1,-1,-1,-1,-1,-1,-1,-1,-1,-1,-1,-1,-1,-1,-1,-1,-1,4176
377,-1,-1,-1,-1,-1,-1,-1,-1,-1,12000,-1,-1,-1,-1,-1,-1,-1,-1,14000,-1,-1,-1,-1,-1,-1,-1,-1,-1,-1,-1,-1,-1,-1,-1,-1,-1,-1,-1,-1,-1,4185
378,-1,-1,-1,-1,-1,-1,13000,-1,-1,-1,-1,-1,-1,-1,-1,-1,-1,-1,15000,-1,-1,-1,-1,-1,-1,-1,-1,-1,-1,-1,-1,-1,-1,-1,-1,-1,-1,-1,-1,-1,4186
379,-1,-1,-1,-1,-1,-1,13000,-1,-1,-1,-1,-1,-1,-1,-1,-1,-1,-1,-1,-1,-1,-1,-1,-1,-1,-1,-1,-1,13000,-1,-1,-1,-1,15000,-1,-1,-1,-1,-1,-1,4187
380,-1,-1,-1,-1,-1,-1,13000,-1,-1,13000,-1,-1,-1,-1,-1,-1,-1,-1,15000,-1,-1,-1,-1,-1,-1,-1,-1,-1,-1,-1,-1,-1,-1,-1,-1,-1,-1,-1,-1,-1,4188
381,-1,-1,-1,-1,-1,-1,12000,-1,-1,-1,-1,-1,-1,-1,-1,-1,-1,-1,-1,-1,-1,-1,-1,-1,-1,-1,-1,-1,-1,-1,-1,-1,-1,14000,-1,-1,-1,-1,-1,-1,4189
382,-1,-1,-1,-1,-1,-1,12000,-1,-1,-1,-1,-1,-1,-1,-1,-1,-1,-1,12000,-1,-1,-1,-1,-1,-1,-1,-1,-1,-1,-1,-1,-1,-1,-1,-1,-1,-1,-1,-1,-1,4190
383,-1,-1,-1,-1,-1,-1,0,-1,-1,-1,-1,-1,-1,-1,-1,-1,-1,-1,-1,-1,-1,-1,-1,-1,-1,-1,-1,-1,-1,-1,-1,-1,-1,-1,-1,-1,-1,-1,-1,-1,4191
384,-1,-1,-1,-1,-1,-1,0,-1,-1,-1,-1,-1,-1,-1,-1,-1,-1,-1,-1,-1,-1,-1,-1,-1,-1,-1,-1,-1,-1,-1,-1,-1,-1,0,-1,-1,-1,-1,-1,-1,4192
385,-1,-1,-1,-1,-1,-1,0,-1,-1,-1,-1,-1,-1,-1,-1,-1,-1,-1,0,-1,-1,-1,-1,-1,-1,-1,-1,-1,-1,-1,-1,-1,-1,0,-1,-1,-1,-1,-1,-1,4193
386,-1,-1,-1,-1,-1,-1,0,-1,-1,-1,-1,-1,-1,-1,-1,-1,-1,-1,-1,-1,-1,-1,-1,-1,-1,-1,-1,-1,-1,-1,-1,-1,-1,0,-1,-1,-1,-1,-1,-1,4195
387,-1,-1,-1,-1,-1,-1,30000,-1,-1,-1,-1,-1,-1,-1,-1,-1,-1,-1,30000,-1,-1,-1,-1,-1,-1,-1,-1,-1,-1,-1,-1,-1,-1,30000,-1,-1,-1,-1,-1,-1,4196
388,-1,-1,-1,-1,-1,-1,0,-1,-1,-1,-1,-1,-1,-1,-1,-1,-1,-1,0,-1,-1,-1,-1,-1,-1,-1,-1,-1,-1,-1,-1,-1,-1,-1,-1,-1,-1,-1,-1,-1,4197
389,-1,-1,-1,-1,-1,-1,-1,-1,-1,-1,-1,-1,-1,-1,15000,-1,9000,-1,15000,-1,-1,-1,9000,-1,-1,-1,-1,-1,-1,-1,-1,-1,-1,-1,-1,-1,-1,-1,-1,-1,6001
390,-1,-1,-1,-1,-1,-1,-1,-1,-1,-1,-1,-1,-1,-1,15000,-1,9000,-1,15000,-1,-1,-1,9000,-1,-1,-1,-1,-1,-1,-1,-1,-1,-1,-1,-1,-1,-1,-1,-1,-1,6002
391,-1,-1,-1,-1,-1,-1,-1,-1,-1,-1,-1,-1,-1,-1,15000,-1,9000,-1,15000,-1,-1,-1,9000,-1,-1,-1,-1,-1,-1,-1,-1,-1,-1,-1,-1,-1,-1,-1,-1,-1,6003
392,-1,-1,-1,-1,-1,-1,30000,-1,24000,-1,-1,-1,-1,-1,-1,-1,-1,-1,30000,-1,-1,-1,24000,-1,-1,-1,-1,-1,-1,-1,-1,-1,-1,-1,-1,-1,-1,-1,-1,-1,6011
393,-1,-1,-1,-1,-1,-1,30000,-1,24000,-1,-1,-1,-1,-1,-1,-1,-1,-1,30000,-1,-1,-1,24000,-1,-1,-1,-1,-1,-1,-1,-1,-1,-1,-1,-1,-1,-1,-1,-1,-1,6012
394,-1,-1,-1,-1,-1,-1,30000,-1,24000,-1,-1,-1,-1,-1,-1,-1,-1,-1,30000,-1,-1,-1,24000,-1,-1,-1,-1,-1,-1,-1,-1,-1,-1,-1,-1,-1,-1,-1,-1,-1,6013
395,-1,-1,-1,-1,-1,-1,30000,-1,24000,-1,-1,-1,-1,-1,-1,-1,-1,-1,30000,-1,-1,-1,24000,-1,-1,-1,-1,-1,-1,-1,-1,-1,-1,-1,-1,-1,-1,-1,-1,-1,6014
396,-1,-1,-1,-1,-1,-1,30000,-1,24000,-1,-1,-1,-1,-1,-1,-1,-1,-1,30000,-1,-1,-1,24000,-1,-1,-1,-1,-1,-1,-1,-1,-1,-1,-1,-1,-1,-1,-1,-1,-1,6015
397,-1,-1,-1,-1,-1,-1,30000,-1,24000,-1,-1,-1,-1,-1,-1,-1,-1,-1,30000,-1,-1,-1,24000,-1,-1,-1,-1,-1,-1,-1,-1,-1,-1,-1,-1,-1,-1,-1,-1,-1,6016
398,-1,-1,-1,-1,-1,-1,30000,-1,-1,-1,-1,-1,-1,-1,-1,-1,-1,-1,32000,-1,-1,-1,-1,-1,-1,-1,-1,-1,31000,-1,-1,-1,-1,-1,-1,-1,-1,-1,-1,-1,6021
399,-1,-1,-1,-1,-1,-1,30000,-1,-1,-1,-1,-1,-1,-1,-1,-1,-1,-1,32000,-1,-1,-1,-1,-1,-1,-1,-1,-1,31000,-1,-1,-1,-1,-1,-1,-1,-1,-1,-1,-1,6022
400,-1,-1,-1,-1,-1,-1,30000,-1,-1,-1,-1,-1,-1,-1,-1,-1,-1,-1,32000,-1,-1,-1,-1,-1,-1,-1,-1,-1,31000,-1,-1,-1,-1,-1,-1,-1,-1,-1,-1,-1,6023
